"id","ghId","ghTitle","topic","conceptIndex","concept","learningModeProfile","representation","contentProfileId","contentProfileLabel","conceptClusterId","systemUse"
"gh-01-c01-1db701c5-intuition_simulation","GH-01","函数、坐标与图像读法","函数、坐标与图像读法","1","输入、输出和函数规则","experiment","manipulative","intuition_simulation","直觉操作实验","gh-01-c01-1db701c5","适合需要补充直觉操作证据、提升低交互参与或验证变量关系时调用"
"gh-01-c01-1db701c5-relationship_diagram","GH-01","函数、坐标与图像读法","函数、坐标与图像读法","1","输入、输出和函数规则","lecture","relational","relationship_diagram","关系图谱","gh-01-c01-1db701c5","适合需要补充概念关系、表示转换或前后连接证据时调用"
"gh-01-c01-1db701c5-symbolic_bridge","GH-01","函数、坐标与图像读法","函数、坐标与图像读法","1","输入、输出和函数规则","lecture","symbolic","symbolic_bridge","符号桥接","gh-01-c01-1db701c5","适合需要补充符号含义、公式语言或简答表达证据时调用"
"gh-01-c01-1db701c5-misconception_contrast","GH-01","函数、坐标与图像读法","函数、坐标与图像读法","1","输入、输出和函数规则","game","relational","misconception_contrast","误解对比","gh-01-c01-1db701c5","适合需要暴露并对比典型误解、收集纠错解释证据时调用"
"gh-01-c01-1db701c5-error_repair_challenge","GH-01","函数、坐标与图像读法","函数、坐标与图像读法","1","输入、输出和函数规则","game","applied","error_repair_challenge","纠错挑战","gh-01-c01-1db701c5","适合需要通过可重试挑战收集纠错过程证据时调用"
"gh-01-c01-1db701c5-micro_practice","GH-01","函数、坐标与图像读法","函数、坐标与图像读法","1","输入、输出和函数规则","practice","assessment","micro_practice","微练习确认","gh-01-c01-1db701c5","适合需要快速确认掌握、继续学习前补充检查证据时调用"
"gh-01-c01-1db701c5-transfer_context","GH-01","函数、坐标与图像读法","函数、坐标与图像读法","1","输入、输出和函数规则","practice","applied","transfer_context","迁移应用","gh-01-c01-1db701c5","适合需要收集近迁移应用证据时调用"
"gh-01-c01-1db701c5-challenge_experiment","GH-01","函数、坐标与图像读法","函数、坐标与图像读法","1","输入、输出和函数规则","experiment","visual","challenge_experiment","挑战实验","gh-01-c01-1db701c5","适合需要收集更高挑战度的操作、比较或边界情况证据时调用"
"gh-01-c01-1db701c5-spatial_or_2d_view","GH-01","函数、坐标与图像读法","函数、坐标与图像读法","1","输入、输出和函数规则","experiment","visual","spatial_or_2d_view","空间/二维视角","gh-01-c01-1db701c5","适合需要补充空间视角、二维兜底或可视化理解证据时调用"
"gh-01-c01-1db701c5-teach_back_card","GH-01","函数、坐标与图像读法","函数、坐标与图像读法","1","输入、输出和函数规则","practice","verbal","teach_back_card","讲给同伴听","gh-01-c01-1db701c5","适合需要收集口头化解释、同伴讲解或反例说明证据时调用"
"gh-01-c02-7e280112-intuition_simulation","GH-01","函数、坐标与图像读法","函数、坐标与图像读法","2","坐标点与函数图像","experiment","manipulative","intuition_simulation","直觉操作实验","gh-01-c02-7e280112","适合需要补充直觉操作证据、提升低交互参与或验证变量关系时调用"
"gh-01-c02-7e280112-relationship_diagram","GH-01","函数、坐标与图像读法","函数、坐标与图像读法","2","坐标点与函数图像","lecture","relational","relationship_diagram","关系图谱","gh-01-c02-7e280112","适合需要补充概念关系、表示转换或前后连接证据时调用"
"gh-01-c02-7e280112-symbolic_bridge","GH-01","函数、坐标与图像读法","函数、坐标与图像读法","2","坐标点与函数图像","lecture","symbolic","symbolic_bridge","符号桥接","gh-01-c02-7e280112","适合需要补充符号含义、公式语言或简答表达证据时调用"
"gh-01-c02-7e280112-misconception_contrast","GH-01","函数、坐标与图像读法","函数、坐标与图像读法","2","坐标点与函数图像","game","relational","misconception_contrast","误解对比","gh-01-c02-7e280112","适合需要暴露并对比典型误解、收集纠错解释证据时调用"
"gh-01-c02-7e280112-error_repair_challenge","GH-01","函数、坐标与图像读法","函数、坐标与图像读法","2","坐标点与函数图像","game","applied","error_repair_challenge","纠错挑战","gh-01-c02-7e280112","适合需要通过可重试挑战收集纠错过程证据时调用"
"gh-01-c02-7e280112-micro_practice","GH-01","函数、坐标与图像读法","函数、坐标与图像读法","2","坐标点与函数图像","practice","assessment","micro_practice","微练习确认","gh-01-c02-7e280112","适合需要快速确认掌握、继续学习前补充检查证据时调用"
"gh-01-c02-7e280112-transfer_context","GH-01","函数、坐标与图像读法","函数、坐标与图像读法","2","坐标点与函数图像","practice","applied","transfer_context","迁移应用","gh-01-c02-7e280112","适合需要收集近迁移应用证据时调用"
"gh-01-c02-7e280112-challenge_experiment","GH-01","函数、坐标与图像读法","函数、坐标与图像读法","2","坐标点与函数图像","experiment","visual","challenge_experiment","挑战实验","gh-01-c02-7e280112","适合需要收集更高挑战度的操作、比较或边界情况证据时调用"
"gh-01-c02-7e280112-spatial_or_2d_view","GH-01","函数、坐标与图像读法","函数、坐标与图像读法","2","坐标点与函数图像","experiment","visual","spatial_or_2d_view","空间/二维视角","gh-01-c02-7e280112","适合需要补充空间视角、二维兜底或可视化理解证据时调用"
"gh-01-c02-7e280112-teach_back_card","GH-01","函数、坐标与图像读法","函数、坐标与图像读法","2","坐标点与函数图像","practice","verbal","teach_back_card","讲给同伴听","gh-01-c02-7e280112","适合需要收集口头化解释、同伴讲解或反例说明证据时调用"
"gh-01-c03-06861b2a-intuition_simulation","GH-01","函数、坐标与图像读法","函数、坐标与图像读法","3","图像的上升、下降与变化方向","experiment","manipulative","intuition_simulation","直觉操作实验","gh-01-c03-06861b2a","适合需要补充直觉操作证据、提升低交互参与或验证变量关系时调用"
"gh-01-c03-06861b2a-relationship_diagram","GH-01","函数、坐标与图像读法","函数、坐标与图像读法","3","图像的上升、下降与变化方向","lecture","relational","relationship_diagram","关系图谱","gh-01-c03-06861b2a","适合需要补充概念关系、表示转换或前后连接证据时调用"
"gh-01-c03-06861b2a-symbolic_bridge","GH-01","函数、坐标与图像读法","函数、坐标与图像读法","3","图像的上升、下降与变化方向","lecture","symbolic","symbolic_bridge","符号桥接","gh-01-c03-06861b2a","适合需要补充符号含义、公式语言或简答表达证据时调用"
"gh-01-c03-06861b2a-misconception_contrast","GH-01","函数、坐标与图像读法","函数、坐标与图像读法","3","图像的上升、下降与变化方向","game","relational","misconception_contrast","误解对比","gh-01-c03-06861b2a","适合需要暴露并对比典型误解、收集纠错解释证据时调用"
"gh-01-c03-06861b2a-error_repair_challenge","GH-01","函数、坐标与图像读法","函数、坐标与图像读法","3","图像的上升、下降与变化方向","game","applied","error_repair_challenge","纠错挑战","gh-01-c03-06861b2a","适合需要通过可重试挑战收集纠错过程证据时调用"
"gh-01-c03-06861b2a-micro_practice","GH-01","函数、坐标与图像读法","函数、坐标与图像读法","3","图像的上升、下降与变化方向","practice","assessment","micro_practice","微练习确认","gh-01-c03-06861b2a","适合需要快速确认掌握、继续学习前补充检查证据时调用"
"gh-01-c03-06861b2a-transfer_context","GH-01","函数、坐标与图像读法","函数、坐标与图像读法","3","图像的上升、下降与变化方向","practice","applied","transfer_context","迁移应用","gh-01-c03-06861b2a","适合需要收集近迁移应用证据时调用"
"gh-01-c03-06861b2a-challenge_experiment","GH-01","函数、坐标与图像读法","函数、坐标与图像读法","3","图像的上升、下降与变化方向","experiment","visual","challenge_experiment","挑战实验","gh-01-c03-06861b2a","适合需要收集更高挑战度的操作、比较或边界情况证据时调用"
"gh-01-c03-06861b2a-spatial_or_2d_view","GH-01","函数、坐标与图像读法","函数、坐标与图像读法","3","图像的上升、下降与变化方向","experiment","visual","spatial_or_2d_view","空间/二维视角","gh-01-c03-06861b2a","适合需要补充空间视角、二维兜底或可视化理解证据时调用"
"gh-01-c03-06861b2a-teach_back_card","GH-01","函数、坐标与图像读法","函数、坐标与图像读法","3","图像的上升、下降与变化方向","practice","verbal","teach_back_card","讲给同伴听","gh-01-c03-06861b2a","适合需要收集口头化解释、同伴讲解或反例说明证据时调用"
"gh-02-c01-17ac1cd7-intuition_simulation","GH-02","极限与连续直觉","极限与连续直觉","1","从数表观察趋近","experiment","manipulative","intuition_simulation","直觉操作实验","gh-02-c01-17ac1cd7","适合需要补充直觉操作证据、提升低交互参与或验证变量关系时调用"
"gh-02-c01-17ac1cd7-relationship_diagram","GH-02","极限与连续直觉","极限与连续直觉","1","从数表观察趋近","lecture","relational","relationship_diagram","关系图谱","gh-02-c01-17ac1cd7","适合需要补充概念关系、表示转换或前后连接证据时调用"
"gh-02-c01-17ac1cd7-symbolic_bridge","GH-02","极限与连续直觉","极限与连续直觉","1","从数表观察趋近","lecture","symbolic","symbolic_bridge","符号桥接","gh-02-c01-17ac1cd7","适合需要补充符号含义、公式语言或简答表达证据时调用"
"gh-02-c01-17ac1cd7-misconception_contrast","GH-02","极限与连续直觉","极限与连续直觉","1","从数表观察趋近","game","relational","misconception_contrast","误解对比","gh-02-c01-17ac1cd7","适合需要暴露并对比典型误解、收集纠错解释证据时调用"
"gh-02-c01-17ac1cd7-error_repair_challenge","GH-02","极限与连续直觉","极限与连续直觉","1","从数表观察趋近","game","applied","error_repair_challenge","纠错挑战","gh-02-c01-17ac1cd7","适合需要通过可重试挑战收集纠错过程证据时调用"
"gh-02-c01-17ac1cd7-micro_practice","GH-02","极限与连续直觉","极限与连续直觉","1","从数表观察趋近","practice","assessment","micro_practice","微练习确认","gh-02-c01-17ac1cd7","适合需要快速确认掌握、继续学习前补充检查证据时调用"
"gh-02-c01-17ac1cd7-transfer_context","GH-02","极限与连续直觉","极限与连续直觉","1","从数表观察趋近","practice","applied","transfer_context","迁移应用","gh-02-c01-17ac1cd7","适合需要收集近迁移应用证据时调用"
"gh-02-c01-17ac1cd7-challenge_experiment","GH-02","极限与连续直觉","极限与连续直觉","1","从数表观察趋近","experiment","visual","challenge_experiment","挑战实验","gh-02-c01-17ac1cd7","适合需要收集更高挑战度的操作、比较或边界情况证据时调用"
"gh-02-c01-17ac1cd7-spatial_or_2d_view","GH-02","极限与连续直觉","极限与连续直觉","1","从数表观察趋近","experiment","visual","spatial_or_2d_view","空间/二维视角","gh-02-c01-17ac1cd7","适合需要补充空间视角、二维兜底或可视化理解证据时调用"
"gh-02-c01-17ac1cd7-teach_back_card","GH-02","极限与连续直觉","极限与连续直觉","1","从数表观察趋近","practice","verbal","teach_back_card","讲给同伴听","gh-02-c01-17ac1cd7","适合需要收集口头化解释、同伴讲解或反例说明证据时调用"
"gh-02-c02-74f5f25c-intuition_simulation","GH-02","极限与连续直觉","极限与连续直觉","2","图像上的左右极限","experiment","manipulative","intuition_simulation","直觉操作实验","gh-02-c02-74f5f25c","适合需要补充直觉操作证据、提升低交互参与或验证变量关系时调用"
"gh-02-c02-74f5f25c-relationship_diagram","GH-02","极限与连续直觉","极限与连续直觉","2","图像上的左右极限","lecture","relational","relationship_diagram","关系图谱","gh-02-c02-74f5f25c","适合需要补充概念关系、表示转换或前后连接证据时调用"
"gh-02-c02-74f5f25c-symbolic_bridge","GH-02","极限与连续直觉","极限与连续直觉","2","图像上的左右极限","lecture","symbolic","symbolic_bridge","符号桥接","gh-02-c02-74f5f25c","适合需要补充符号含义、公式语言或简答表达证据时调用"
"gh-02-c02-74f5f25c-misconception_contrast","GH-02","极限与连续直觉","极限与连续直觉","2","图像上的左右极限","game","relational","misconception_contrast","误解对比","gh-02-c02-74f5f25c","适合需要暴露并对比典型误解、收集纠错解释证据时调用"
"gh-02-c02-74f5f25c-error_repair_challenge","GH-02","极限与连续直觉","极限与连续直觉","2","图像上的左右极限","game","applied","error_repair_challenge","纠错挑战","gh-02-c02-74f5f25c","适合需要通过可重试挑战收集纠错过程证据时调用"
"gh-02-c02-74f5f25c-micro_practice","GH-02","极限与连续直觉","极限与连续直觉","2","图像上的左右极限","practice","assessment","micro_practice","微练习确认","gh-02-c02-74f5f25c","适合需要快速确认掌握、继续学习前补充检查证据时调用"
"gh-02-c02-74f5f25c-transfer_context","GH-02","极限与连续直觉","极限与连续直觉","2","图像上的左右极限","practice","applied","transfer_context","迁移应用","gh-02-c02-74f5f25c","适合需要收集近迁移应用证据时调用"
"gh-02-c02-74f5f25c-challenge_experiment","GH-02","极限与连续直觉","极限与连续直觉","2","图像上的左右极限","experiment","visual","challenge_experiment","挑战实验","gh-02-c02-74f5f25c","适合需要收集更高挑战度的操作、比较或边界情况证据时调用"
"gh-02-c02-74f5f25c-spatial_or_2d_view","GH-02","极限与连续直觉","极限与连续直觉","2","图像上的左右极限","experiment","visual","spatial_or_2d_view","空间/二维视角","gh-02-c02-74f5f25c","适合需要补充空间视角、二维兜底或可视化理解证据时调用"
"gh-02-c02-74f5f25c-teach_back_card","GH-02","极限与连续直觉","极限与连续直觉","2","图像上的左右极限","practice","verbal","teach_back_card","讲给同伴听","gh-02-c02-74f5f25c","适合需要收集口头化解释、同伴讲解或反例说明证据时调用"
"gh-02-c03-c289e20d-intuition_simulation","GH-02","极限与连续直觉","极限与连续直觉","3","连续就是不跳断","experiment","manipulative","intuition_simulation","直觉操作实验","gh-02-c03-c289e20d","适合需要补充直觉操作证据、提升低交互参与或验证变量关系时调用"
"gh-02-c03-c289e20d-relationship_diagram","GH-02","极限与连续直觉","极限与连续直觉","3","连续就是不跳断","lecture","relational","relationship_diagram","关系图谱","gh-02-c03-c289e20d","适合需要补充概念关系、表示转换或前后连接证据时调用"
"gh-02-c03-c289e20d-symbolic_bridge","GH-02","极限与连续直觉","极限与连续直觉","3","连续就是不跳断","lecture","symbolic","symbolic_bridge","符号桥接","gh-02-c03-c289e20d","适合需要补充符号含义、公式语言或简答表达证据时调用"
"gh-02-c03-c289e20d-misconception_contrast","GH-02","极限与连续直觉","极限与连续直觉","3","连续就是不跳断","game","relational","misconception_contrast","误解对比","gh-02-c03-c289e20d","适合需要暴露并对比典型误解、收集纠错解释证据时调用"
"gh-02-c03-c289e20d-error_repair_challenge","GH-02","极限与连续直觉","极限与连续直觉","3","连续就是不跳断","game","applied","error_repair_challenge","纠错挑战","gh-02-c03-c289e20d","适合需要通过可重试挑战收集纠错过程证据时调用"
"gh-02-c03-c289e20d-micro_practice","GH-02","极限与连续直觉","极限与连续直觉","3","连续就是不跳断","practice","assessment","micro_practice","微练习确认","gh-02-c03-c289e20d","适合需要快速确认掌握、继续学习前补充检查证据时调用"
"gh-02-c03-c289e20d-transfer_context","GH-02","极限与连续直觉","极限与连续直觉","3","连续就是不跳断","practice","applied","transfer_context","迁移应用","gh-02-c03-c289e20d","适合需要收集近迁移应用证据时调用"
"gh-02-c03-c289e20d-challenge_experiment","GH-02","极限与连续直觉","极限与连续直觉","3","连续就是不跳断","experiment","visual","challenge_experiment","挑战实验","gh-02-c03-c289e20d","适合需要收集更高挑战度的操作、比较或边界情况证据时调用"
"gh-02-c03-c289e20d-spatial_or_2d_view","GH-02","极限与连续直觉","极限与连续直觉","3","连续就是不跳断","experiment","visual","spatial_or_2d_view","空间/二维视角","gh-02-c03-c289e20d","适合需要补充空间视角、二维兜底或可视化理解证据时调用"
"gh-02-c03-c289e20d-teach_back_card","GH-02","极限与连续直觉","极限与连续直觉","3","连续就是不跳断","practice","verbal","teach_back_card","讲给同伴听","gh-02-c03-c289e20d","适合需要收集口头化解释、同伴讲解或反例说明证据时调用"
"gh-03-c01-a7418b6e-intuition_simulation","GH-03","从平均变化率到导数","从平均变化率到导数","1","平均变化率和割线","experiment","manipulative","intuition_simulation","直觉操作实验","gh-03-c01-a7418b6e","适合需要补充直觉操作证据、提升低交互参与或验证变量关系时调用"
"gh-03-c01-a7418b6e-relationship_diagram","GH-03","从平均变化率到导数","从平均变化率到导数","1","平均变化率和割线","lecture","relational","relationship_diagram","关系图谱","gh-03-c01-a7418b6e","适合需要补充概念关系、表示转换或前后连接证据时调用"
"gh-03-c01-a7418b6e-symbolic_bridge","GH-03","从平均变化率到导数","从平均变化率到导数","1","平均变化率和割线","lecture","symbolic","symbolic_bridge","符号桥接","gh-03-c01-a7418b6e","适合需要补充符号含义、公式语言或简答表达证据时调用"
"gh-03-c01-a7418b6e-misconception_contrast","GH-03","从平均变化率到导数","从平均变化率到导数","1","平均变化率和割线","game","relational","misconception_contrast","误解对比","gh-03-c01-a7418b6e","适合需要暴露并对比典型误解、收集纠错解释证据时调用"
"gh-03-c01-a7418b6e-error_repair_challenge","GH-03","从平均变化率到导数","从平均变化率到导数","1","平均变化率和割线","game","applied","error_repair_challenge","纠错挑战","gh-03-c01-a7418b6e","适合需要通过可重试挑战收集纠错过程证据时调用"
"gh-03-c01-a7418b6e-micro_practice","GH-03","从平均变化率到导数","从平均变化率到导数","1","平均变化率和割线","practice","assessment","micro_practice","微练习确认","gh-03-c01-a7418b6e","适合需要快速确认掌握、继续学习前补充检查证据时调用"
"gh-03-c01-a7418b6e-transfer_context","GH-03","从平均变化率到导数","从平均变化率到导数","1","平均变化率和割线","practice","applied","transfer_context","迁移应用","gh-03-c01-a7418b6e","适合需要收集近迁移应用证据时调用"
"gh-03-c01-a7418b6e-challenge_experiment","GH-03","从平均变化率到导数","从平均变化率到导数","1","平均变化率和割线","experiment","visual","challenge_experiment","挑战实验","gh-03-c01-a7418b6e","适合需要收集更高挑战度的操作、比较或边界情况证据时调用"
"gh-03-c01-a7418b6e-spatial_or_2d_view","GH-03","从平均变化率到导数","从平均变化率到导数","1","平均变化率和割线","experiment","visual","spatial_or_2d_view","空间/二维视角","gh-03-c01-a7418b6e","适合需要补充空间视角、二维兜底或可视化理解证据时调用"
"gh-03-c01-a7418b6e-teach_back_card","GH-03","从平均变化率到导数","从平均变化率到导数","1","平均变化率和割线","practice","verbal","teach_back_card","讲给同伴听","gh-03-c01-a7418b6e","适合需要收集口头化解释、同伴讲解或反例说明证据时调用"
"gh-03-c02-68789a80-intuition_simulation","GH-03","从平均变化率到导数","从平均变化率到导数","2","瞬时变化率和切线","experiment","manipulative","intuition_simulation","直觉操作实验","gh-03-c02-68789a80","适合需要补充直觉操作证据、提升低交互参与或验证变量关系时调用"
"gh-03-c02-68789a80-relationship_diagram","GH-03","从平均变化率到导数","从平均变化率到导数","2","瞬时变化率和切线","lecture","relational","relationship_diagram","关系图谱","gh-03-c02-68789a80","适合需要补充概念关系、表示转换或前后连接证据时调用"
"gh-03-c02-68789a80-symbolic_bridge","GH-03","从平均变化率到导数","从平均变化率到导数","2","瞬时变化率和切线","lecture","symbolic","symbolic_bridge","符号桥接","gh-03-c02-68789a80","适合需要补充符号含义、公式语言或简答表达证据时调用"
"gh-03-c02-68789a80-misconception_contrast","GH-03","从平均变化率到导数","从平均变化率到导数","2","瞬时变化率和切线","game","relational","misconception_contrast","误解对比","gh-03-c02-68789a80","适合需要暴露并对比典型误解、收集纠错解释证据时调用"
"gh-03-c02-68789a80-error_repair_challenge","GH-03","从平均变化率到导数","从平均变化率到导数","2","瞬时变化率和切线","game","applied","error_repair_challenge","纠错挑战","gh-03-c02-68789a80","适合需要通过可重试挑战收集纠错过程证据时调用"
"gh-03-c02-68789a80-micro_practice","GH-03","从平均变化率到导数","从平均变化率到导数","2","瞬时变化率和切线","practice","assessment","micro_practice","微练习确认","gh-03-c02-68789a80","适合需要快速确认掌握、继续学习前补充检查证据时调用"
"gh-03-c02-68789a80-transfer_context","GH-03","从平均变化率到导数","从平均变化率到导数","2","瞬时变化率和切线","practice","applied","transfer_context","迁移应用","gh-03-c02-68789a80","适合需要收集近迁移应用证据时调用"
"gh-03-c02-68789a80-challenge_experiment","GH-03","从平均变化率到导数","从平均变化率到导数","2","瞬时变化率和切线","experiment","visual","challenge_experiment","挑战实验","gh-03-c02-68789a80","适合需要收集更高挑战度的操作、比较或边界情况证据时调用"
"gh-03-c02-68789a80-spatial_or_2d_view","GH-03","从平均变化率到导数","从平均变化率到导数","2","瞬时变化率和切线","experiment","visual","spatial_or_2d_view","空间/二维视角","gh-03-c02-68789a80","适合需要补充空间视角、二维兜底或可视化理解证据时调用"
"gh-03-c02-68789a80-teach_back_card","GH-03","从平均变化率到导数","从平均变化率到导数","2","瞬时变化率和切线","practice","verbal","teach_back_card","讲给同伴听","gh-03-c02-68789a80","适合需要收集口头化解释、同伴讲解或反例说明证据时调用"
"gh-03-c03-d831dd16-intuition_simulation","GH-03","从平均变化率到导数","从平均变化率到导数","3","导数符号和意义","experiment","manipulative","intuition_simulation","直觉操作实验","gh-03-c03-d831dd16","适合需要补充直觉操作证据、提升低交互参与或验证变量关系时调用"
"gh-03-c03-d831dd16-relationship_diagram","GH-03","从平均变化率到导数","从平均变化率到导数","3","导数符号和意义","lecture","relational","relationship_diagram","关系图谱","gh-03-c03-d831dd16","适合需要补充概念关系、表示转换或前后连接证据时调用"
"gh-03-c03-d831dd16-symbolic_bridge","GH-03","从平均变化率到导数","从平均变化率到导数","3","导数符号和意义","lecture","symbolic","symbolic_bridge","符号桥接","gh-03-c03-d831dd16","适合需要补充符号含义、公式语言或简答表达证据时调用"
"gh-03-c03-d831dd16-misconception_contrast","GH-03","从平均变化率到导数","从平均变化率到导数","3","导数符号和意义","game","relational","misconception_contrast","误解对比","gh-03-c03-d831dd16","适合需要暴露并对比典型误解、收集纠错解释证据时调用"
"gh-03-c03-d831dd16-error_repair_challenge","GH-03","从平均变化率到导数","从平均变化率到导数","3","导数符号和意义","game","applied","error_repair_challenge","纠错挑战","gh-03-c03-d831dd16","适合需要通过可重试挑战收集纠错过程证据时调用"
"gh-03-c03-d831dd16-micro_practice","GH-03","从平均变化率到导数","从平均变化率到导数","3","导数符号和意义","practice","assessment","micro_practice","微练习确认","gh-03-c03-d831dd16","适合需要快速确认掌握、继续学习前补充检查证据时调用"
"gh-03-c03-d831dd16-transfer_context","GH-03","从平均变化率到导数","从平均变化率到导数","3","导数符号和意义","practice","applied","transfer_context","迁移应用","gh-03-c03-d831dd16","适合需要收集近迁移应用证据时调用"
"gh-03-c03-d831dd16-challenge_experiment","GH-03","从平均变化率到导数","从平均变化率到导数","3","导数符号和意义","experiment","visual","challenge_experiment","挑战实验","gh-03-c03-d831dd16","适合需要收集更高挑战度的操作、比较或边界情况证据时调用"
"gh-03-c03-d831dd16-spatial_or_2d_view","GH-03","从平均变化率到导数","从平均变化率到导数","3","导数符号和意义","experiment","visual","spatial_or_2d_view","空间/二维视角","gh-03-c03-d831dd16","适合需要补充空间视角、二维兜底或可视化理解证据时调用"
"gh-03-c03-d831dd16-teach_back_card","GH-03","从平均变化率到导数","从平均变化率到导数","3","导数符号和意义","practice","verbal","teach_back_card","讲给同伴听","gh-03-c03-d831dd16","适合需要收集口头化解释、同伴讲解或反例说明证据时调用"
"gh-04-c01-5f7cc11a-intuition_simulation","GH-04","常用求导规则与函数组合","常用求导规则与函数组合","1","幂函数求导","experiment","manipulative","intuition_simulation","直觉操作实验","gh-04-c01-5f7cc11a","适合需要补充直觉操作证据、提升低交互参与或验证变量关系时调用"
"gh-04-c01-5f7cc11a-relationship_diagram","GH-04","常用求导规则与函数组合","常用求导规则与函数组合","1","幂函数求导","lecture","relational","relationship_diagram","关系图谱","gh-04-c01-5f7cc11a","适合需要补充概念关系、表示转换或前后连接证据时调用"
"gh-04-c01-5f7cc11a-symbolic_bridge","GH-04","常用求导规则与函数组合","常用求导规则与函数组合","1","幂函数求导","lecture","symbolic","symbolic_bridge","符号桥接","gh-04-c01-5f7cc11a","适合需要补充符号含义、公式语言或简答表达证据时调用"
"gh-04-c01-5f7cc11a-misconception_contrast","GH-04","常用求导规则与函数组合","常用求导规则与函数组合","1","幂函数求导","game","relational","misconception_contrast","误解对比","gh-04-c01-5f7cc11a","适合需要暴露并对比典型误解、收集纠错解释证据时调用"
"gh-04-c01-5f7cc11a-error_repair_challenge","GH-04","常用求导规则与函数组合","常用求导规则与函数组合","1","幂函数求导","game","applied","error_repair_challenge","纠错挑战","gh-04-c01-5f7cc11a","适合需要通过可重试挑战收集纠错过程证据时调用"
"gh-04-c01-5f7cc11a-micro_practice","GH-04","常用求导规则与函数组合","常用求导规则与函数组合","1","幂函数求导","practice","assessment","micro_practice","微练习确认","gh-04-c01-5f7cc11a","适合需要快速确认掌握、继续学习前补充检查证据时调用"
"gh-04-c01-5f7cc11a-transfer_context","GH-04","常用求导规则与函数组合","常用求导规则与函数组合","1","幂函数求导","practice","applied","transfer_context","迁移应用","gh-04-c01-5f7cc11a","适合需要收集近迁移应用证据时调用"
"gh-04-c01-5f7cc11a-challenge_experiment","GH-04","常用求导规则与函数组合","常用求导规则与函数组合","1","幂函数求导","experiment","visual","challenge_experiment","挑战实验","gh-04-c01-5f7cc11a","适合需要收集更高挑战度的操作、比较或边界情况证据时调用"
"gh-04-c01-5f7cc11a-spatial_or_2d_view","GH-04","常用求导规则与函数组合","常用求导规则与函数组合","1","幂函数求导","experiment","visual","spatial_or_2d_view","空间/二维视角","gh-04-c01-5f7cc11a","适合需要补充空间视角、二维兜底或可视化理解证据时调用"
"gh-04-c01-5f7cc11a-teach_back_card","GH-04","常用求导规则与函数组合","常用求导规则与函数组合","1","幂函数求导","practice","verbal","teach_back_card","讲给同伴听","gh-04-c01-5f7cc11a","适合需要收集口头化解释、同伴讲解或反例说明证据时调用"
"gh-04-c02-c519d72e-intuition_simulation","GH-04","常用求导规则与函数组合","常用求导规则与函数组合","2","和差积商规则","experiment","manipulative","intuition_simulation","直觉操作实验","gh-04-c02-c519d72e","适合需要补充直觉操作证据、提升低交互参与或验证变量关系时调用"
"gh-04-c02-c519d72e-relationship_diagram","GH-04","常用求导规则与函数组合","常用求导规则与函数组合","2","和差积商规则","lecture","relational","relationship_diagram","关系图谱","gh-04-c02-c519d72e","适合需要补充概念关系、表示转换或前后连接证据时调用"
"gh-04-c02-c519d72e-symbolic_bridge","GH-04","常用求导规则与函数组合","常用求导规则与函数组合","2","和差积商规则","lecture","symbolic","symbolic_bridge","符号桥接","gh-04-c02-c519d72e","适合需要补充符号含义、公式语言或简答表达证据时调用"
"gh-04-c02-c519d72e-misconception_contrast","GH-04","常用求导规则与函数组合","常用求导规则与函数组合","2","和差积商规则","game","relational","misconception_contrast","误解对比","gh-04-c02-c519d72e","适合需要暴露并对比典型误解、收集纠错解释证据时调用"
"gh-04-c02-c519d72e-error_repair_challenge","GH-04","常用求导规则与函数组合","常用求导规则与函数组合","2","和差积商规则","game","applied","error_repair_challenge","纠错挑战","gh-04-c02-c519d72e","适合需要通过可重试挑战收集纠错过程证据时调用"
"gh-04-c02-c519d72e-micro_practice","GH-04","常用求导规则与函数组合","常用求导规则与函数组合","2","和差积商规则","practice","assessment","micro_practice","微练习确认","gh-04-c02-c519d72e","适合需要快速确认掌握、继续学习前补充检查证据时调用"
"gh-04-c02-c519d72e-transfer_context","GH-04","常用求导规则与函数组合","常用求导规则与函数组合","2","和差积商规则","practice","applied","transfer_context","迁移应用","gh-04-c02-c519d72e","适合需要收集近迁移应用证据时调用"
"gh-04-c02-c519d72e-challenge_experiment","GH-04","常用求导规则与函数组合","常用求导规则与函数组合","2","和差积商规则","experiment","visual","challenge_experiment","挑战实验","gh-04-c02-c519d72e","适合需要收集更高挑战度的操作、比较或边界情况证据时调用"
"gh-04-c02-c519d72e-spatial_or_2d_view","GH-04","常用求导规则与函数组合","常用求导规则与函数组合","2","和差积商规则","experiment","visual","spatial_or_2d_view","空间/二维视角","gh-04-c02-c519d72e","适合需要补充空间视角、二维兜底或可视化理解证据时调用"
"gh-04-c02-c519d72e-teach_back_card","GH-04","常用求导规则与函数组合","常用求导规则与函数组合","2","和差积商规则","practice","verbal","teach_back_card","讲给同伴听","gh-04-c02-c519d72e","适合需要收集口头化解释、同伴讲解或反例说明证据时调用"
"gh-04-c03-e65e4deb-intuition_simulation","GH-04","常用求导规则与函数组合","常用求导规则与函数组合","3","链式法则","experiment","manipulative","intuition_simulation","直觉操作实验","gh-04-c03-e65e4deb","适合需要补充直觉操作证据、提升低交互参与或验证变量关系时调用"
"gh-04-c03-e65e4deb-relationship_diagram","GH-04","常用求导规则与函数组合","常用求导规则与函数组合","3","链式法则","lecture","relational","relationship_diagram","关系图谱","gh-04-c03-e65e4deb","适合需要补充概念关系、表示转换或前后连接证据时调用"
"gh-04-c03-e65e4deb-symbolic_bridge","GH-04","常用求导规则与函数组合","常用求导规则与函数组合","3","链式法则","lecture","symbolic","symbolic_bridge","符号桥接","gh-04-c03-e65e4deb","适合需要补充符号含义、公式语言或简答表达证据时调用"
"gh-04-c03-e65e4deb-misconception_contrast","GH-04","常用求导规则与函数组合","常用求导规则与函数组合","3","链式法则","game","relational","misconception_contrast","误解对比","gh-04-c03-e65e4deb","适合需要暴露并对比典型误解、收集纠错解释证据时调用"
"gh-04-c03-e65e4deb-error_repair_challenge","GH-04","常用求导规则与函数组合","常用求导规则与函数组合","3","链式法则","game","applied","error_repair_challenge","纠错挑战","gh-04-c03-e65e4deb","适合需要通过可重试挑战收集纠错过程证据时调用"
"gh-04-c03-e65e4deb-micro_practice","GH-04","常用求导规则与函数组合","常用求导规则与函数组合","3","链式法则","practice","assessment","micro_practice","微练习确认","gh-04-c03-e65e4deb","适合需要快速确认掌握、继续学习前补充检查证据时调用"
"gh-04-c03-e65e4deb-transfer_context","GH-04","常用求导规则与函数组合","常用求导规则与函数组合","3","链式法则","practice","applied","transfer_context","迁移应用","gh-04-c03-e65e4deb","适合需要收集近迁移应用证据时调用"
"gh-04-c03-e65e4deb-challenge_experiment","GH-04","常用求导规则与函数组合","常用求导规则与函数组合","3","链式法则","experiment","visual","challenge_experiment","挑战实验","gh-04-c03-e65e4deb","适合需要收集更高挑战度的操作、比较或边界情况证据时调用"
"gh-04-c03-e65e4deb-spatial_or_2d_view","GH-04","常用求导规则与函数组合","常用求导规则与函数组合","3","链式法则","experiment","visual","spatial_or_2d_view","空间/二维视角","gh-04-c03-e65e4deb","适合需要补充空间视角、二维兜底或可视化理解证据时调用"
"gh-04-c03-e65e4deb-teach_back_card","GH-04","常用求导规则与函数组合","常用求导规则与函数组合","3","链式法则","practice","verbal","teach_back_card","讲给同伴听","gh-04-c03-e65e4deb","适合需要收集口头化解释、同伴讲解或反例说明证据时调用"
"gh-04-c04-2df9fcde-intuition_simulation","GH-04","常用求导规则与函数组合","常用求导规则与函数组合","4","常见函数变化速度","experiment","manipulative","intuition_simulation","直觉操作实验","gh-04-c04-2df9fcde","适合需要补充直觉操作证据、提升低交互参与或验证变量关系时调用"
"gh-04-c04-2df9fcde-relationship_diagram","GH-04","常用求导规则与函数组合","常用求导规则与函数组合","4","常见函数变化速度","lecture","relational","relationship_diagram","关系图谱","gh-04-c04-2df9fcde","适合需要补充概念关系、表示转换或前后连接证据时调用"
"gh-04-c04-2df9fcde-symbolic_bridge","GH-04","常用求导规则与函数组合","常用求导规则与函数组合","4","常见函数变化速度","lecture","symbolic","symbolic_bridge","符号桥接","gh-04-c04-2df9fcde","适合需要补充符号含义、公式语言或简答表达证据时调用"
"gh-04-c04-2df9fcde-misconception_contrast","GH-04","常用求导规则与函数组合","常用求导规则与函数组合","4","常见函数变化速度","game","relational","misconception_contrast","误解对比","gh-04-c04-2df9fcde","适合需要暴露并对比典型误解、收集纠错解释证据时调用"
"gh-04-c04-2df9fcde-error_repair_challenge","GH-04","常用求导规则与函数组合","常用求导规则与函数组合","4","常见函数变化速度","game","applied","error_repair_challenge","纠错挑战","gh-04-c04-2df9fcde","适合需要通过可重试挑战收集纠错过程证据时调用"
"gh-04-c04-2df9fcde-micro_practice","GH-04","常用求导规则与函数组合","常用求导规则与函数组合","4","常见函数变化速度","practice","assessment","micro_practice","微练习确认","gh-04-c04-2df9fcde","适合需要快速确认掌握、继续学习前补充检查证据时调用"
"gh-04-c04-2df9fcde-transfer_context","GH-04","常用求导规则与函数组合","常用求导规则与函数组合","4","常见函数变化速度","practice","applied","transfer_context","迁移应用","gh-04-c04-2df9fcde","适合需要收集近迁移应用证据时调用"
"gh-04-c04-2df9fcde-challenge_experiment","GH-04","常用求导规则与函数组合","常用求导规则与函数组合","4","常见函数变化速度","experiment","visual","challenge_experiment","挑战实验","gh-04-c04-2df9fcde","适合需要收集更高挑战度的操作、比较或边界情况证据时调用"
"gh-04-c04-2df9fcde-spatial_or_2d_view","GH-04","常用求导规则与函数组合","常用求导规则与函数组合","4","常见函数变化速度","experiment","visual","spatial_or_2d_view","空间/二维视角","gh-04-c04-2df9fcde","适合需要补充空间视角、二维兜底或可视化理解证据时调用"
"gh-04-c04-2df9fcde-teach_back_card","GH-04","常用求导规则与函数组合","常用求导规则与函数组合","4","常见函数变化速度","practice","verbal","teach_back_card","讲给同伴听","gh-04-c04-2df9fcde","适合需要收集口头化解释、同伴讲解或反例说明证据时调用"
"gh-05-c01-810f9db1-intuition_simulation","GH-05","导数应用：单调、极值与弯曲","导数应用：单调、极值与弯曲","1","导函数图像读法","experiment","manipulative","intuition_simulation","直觉操作实验","gh-05-c01-810f9db1","适合需要补充直觉操作证据、提升低交互参与或验证变量关系时调用"
"gh-05-c01-810f9db1-relationship_diagram","GH-05","导数应用：单调、极值与弯曲","导数应用：单调、极值与弯曲","1","导函数图像读法","lecture","relational","relationship_diagram","关系图谱","gh-05-c01-810f9db1","适合需要补充概念关系、表示转换或前后连接证据时调用"
"gh-05-c01-810f9db1-symbolic_bridge","GH-05","导数应用：单调、极值与弯曲","导数应用：单调、极值与弯曲","1","导函数图像读法","lecture","symbolic","symbolic_bridge","符号桥接","gh-05-c01-810f9db1","适合需要补充符号含义、公式语言或简答表达证据时调用"
"gh-05-c01-810f9db1-misconception_contrast","GH-05","导数应用：单调、极值与弯曲","导数应用：单调、极值与弯曲","1","导函数图像读法","game","relational","misconception_contrast","误解对比","gh-05-c01-810f9db1","适合需要暴露并对比典型误解、收集纠错解释证据时调用"
"gh-05-c01-810f9db1-error_repair_challenge","GH-05","导数应用：单调、极值与弯曲","导数应用：单调、极值与弯曲","1","导函数图像读法","game","applied","error_repair_challenge","纠错挑战","gh-05-c01-810f9db1","适合需要通过可重试挑战收集纠错过程证据时调用"
"gh-05-c01-810f9db1-micro_practice","GH-05","导数应用：单调、极值与弯曲","导数应用：单调、极值与弯曲","1","导函数图像读法","practice","assessment","micro_practice","微练习确认","gh-05-c01-810f9db1","适合需要快速确认掌握、继续学习前补充检查证据时调用"
"gh-05-c01-810f9db1-transfer_context","GH-05","导数应用：单调、极值与弯曲","导数应用：单调、极值与弯曲","1","导函数图像读法","practice","applied","transfer_context","迁移应用","gh-05-c01-810f9db1","适合需要收集近迁移应用证据时调用"
"gh-05-c01-810f9db1-challenge_experiment","GH-05","导数应用：单调、极值与弯曲","导数应用：单调、极值与弯曲","1","导函数图像读法","experiment","visual","challenge_experiment","挑战实验","gh-05-c01-810f9db1","适合需要收集更高挑战度的操作、比较或边界情况证据时调用"
"gh-05-c01-810f9db1-spatial_or_2d_view","GH-05","导数应用：单调、极值与弯曲","导数应用：单调、极值与弯曲","1","导函数图像读法","experiment","visual","spatial_or_2d_view","空间/二维视角","gh-05-c01-810f9db1","适合需要补充空间视角、二维兜底或可视化理解证据时调用"
"gh-05-c01-810f9db1-teach_back_card","GH-05","导数应用：单调、极值与弯曲","导数应用：单调、极值与弯曲","1","导函数图像读法","practice","verbal","teach_back_card","讲给同伴听","gh-05-c01-810f9db1","适合需要收集口头化解释、同伴讲解或反例说明证据时调用"
"gh-05-c02-f22b9650-intuition_simulation","GH-05","导数应用：单调、极值与弯曲","导数应用：单调、极值与弯曲","2","临界点与极值","experiment","manipulative","intuition_simulation","直觉操作实验","gh-05-c02-f22b9650","适合需要补充直觉操作证据、提升低交互参与或验证变量关系时调用"
"gh-05-c02-f22b9650-relationship_diagram","GH-05","导数应用：单调、极值与弯曲","导数应用：单调、极值与弯曲","2","临界点与极值","lecture","relational","relationship_diagram","关系图谱","gh-05-c02-f22b9650","适合需要补充概念关系、表示转换或前后连接证据时调用"
"gh-05-c02-f22b9650-symbolic_bridge","GH-05","导数应用：单调、极值与弯曲","导数应用：单调、极值与弯曲","2","临界点与极值","lecture","symbolic","symbolic_bridge","符号桥接","gh-05-c02-f22b9650","适合需要补充符号含义、公式语言或简答表达证据时调用"
"gh-05-c02-f22b9650-misconception_contrast","GH-05","导数应用：单调、极值与弯曲","导数应用：单调、极值与弯曲","2","临界点与极值","game","relational","misconception_contrast","误解对比","gh-05-c02-f22b9650","适合需要暴露并对比典型误解、收集纠错解释证据时调用"
"gh-05-c02-f22b9650-error_repair_challenge","GH-05","导数应用：单调、极值与弯曲","导数应用：单调、极值与弯曲","2","临界点与极值","game","applied","error_repair_challenge","纠错挑战","gh-05-c02-f22b9650","适合需要通过可重试挑战收集纠错过程证据时调用"
"gh-05-c02-f22b9650-micro_practice","GH-05","导数应用：单调、极值与弯曲","导数应用：单调、极值与弯曲","2","临界点与极值","practice","assessment","micro_practice","微练习确认","gh-05-c02-f22b9650","适合需要快速确认掌握、继续学习前补充检查证据时调用"
"gh-05-c02-f22b9650-transfer_context","GH-05","导数应用：单调、极值与弯曲","导数应用：单调、极值与弯曲","2","临界点与极值","practice","applied","transfer_context","迁移应用","gh-05-c02-f22b9650","适合需要收集近迁移应用证据时调用"
"gh-05-c02-f22b9650-challenge_experiment","GH-05","导数应用：单调、极值与弯曲","导数应用：单调、极值与弯曲","2","临界点与极值","experiment","visual","challenge_experiment","挑战实验","gh-05-c02-f22b9650","适合需要收集更高挑战度的操作、比较或边界情况证据时调用"
"gh-05-c02-f22b9650-spatial_or_2d_view","GH-05","导数应用：单调、极值与弯曲","导数应用：单调、极值与弯曲","2","临界点与极值","experiment","visual","spatial_or_2d_view","空间/二维视角","gh-05-c02-f22b9650","适合需要补充空间视角、二维兜底或可视化理解证据时调用"
"gh-05-c02-f22b9650-teach_back_card","GH-05","导数应用：单调、极值与弯曲","导数应用：单调、极值与弯曲","2","临界点与极值","practice","verbal","teach_back_card","讲给同伴听","gh-05-c02-f22b9650","适合需要收集口头化解释、同伴讲解或反例说明证据时调用"
"gh-05-c03-f7092996-intuition_simulation","GH-05","导数应用：单调、极值与弯曲","导数应用：单调、极值与弯曲","3","二阶变化和凹凸","experiment","manipulative","intuition_simulation","直觉操作实验","gh-05-c03-f7092996","适合需要补充直觉操作证据、提升低交互参与或验证变量关系时调用"
"gh-05-c03-f7092996-relationship_diagram","GH-05","导数应用：单调、极值与弯曲","导数应用：单调、极值与弯曲","3","二阶变化和凹凸","lecture","relational","relationship_diagram","关系图谱","gh-05-c03-f7092996","适合需要补充概念关系、表示转换或前后连接证据时调用"
"gh-05-c03-f7092996-symbolic_bridge","GH-05","导数应用：单调、极值与弯曲","导数应用：单调、极值与弯曲","3","二阶变化和凹凸","lecture","symbolic","symbolic_bridge","符号桥接","gh-05-c03-f7092996","适合需要补充符号含义、公式语言或简答表达证据时调用"
"gh-05-c03-f7092996-misconception_contrast","GH-05","导数应用：单调、极值与弯曲","导数应用：单调、极值与弯曲","3","二阶变化和凹凸","game","relational","misconception_contrast","误解对比","gh-05-c03-f7092996","适合需要暴露并对比典型误解、收集纠错解释证据时调用"
"gh-05-c03-f7092996-error_repair_challenge","GH-05","导数应用：单调、极值与弯曲","导数应用：单调、极值与弯曲","3","二阶变化和凹凸","game","applied","error_repair_challenge","纠错挑战","gh-05-c03-f7092996","适合需要通过可重试挑战收集纠错过程证据时调用"
"gh-05-c03-f7092996-micro_practice","GH-05","导数应用：单调、极值与弯曲","导数应用：单调、极值与弯曲","3","二阶变化和凹凸","practice","assessment","micro_practice","微练习确认","gh-05-c03-f7092996","适合需要快速确认掌握、继续学习前补充检查证据时调用"
"gh-05-c03-f7092996-transfer_context","GH-05","导数应用：单调、极值与弯曲","导数应用：单调、极值与弯曲","3","二阶变化和凹凸","practice","applied","transfer_context","迁移应用","gh-05-c03-f7092996","适合需要收集近迁移应用证据时调用"
"gh-05-c03-f7092996-challenge_experiment","GH-05","导数应用：单调、极值与弯曲","导数应用：单调、极值与弯曲","3","二阶变化和凹凸","experiment","visual","challenge_experiment","挑战实验","gh-05-c03-f7092996","适合需要收集更高挑战度的操作、比较或边界情况证据时调用"
"gh-05-c03-f7092996-spatial_or_2d_view","GH-05","导数应用：单调、极值与弯曲","导数应用：单调、极值与弯曲","3","二阶变化和凹凸","experiment","visual","spatial_or_2d_view","空间/二维视角","gh-05-c03-f7092996","适合需要补充空间视角、二维兜底或可视化理解证据时调用"
"gh-05-c03-f7092996-teach_back_card","GH-05","导数应用：单调、极值与弯曲","导数应用：单调、极值与弯曲","3","二阶变化和凹凸","practice","verbal","teach_back_card","讲给同伴听","gh-05-c03-f7092996","适合需要收集口头化解释、同伴讲解或反例说明证据时调用"
"gh-05-c04-562d8595-intuition_simulation","GH-05","导数应用：单调、极值与弯曲","导数应用：单调、极值与弯曲","4","实际最值建模","experiment","manipulative","intuition_simulation","直觉操作实验","gh-05-c04-562d8595","适合需要补充直觉操作证据、提升低交互参与或验证变量关系时调用"
"gh-05-c04-562d8595-relationship_diagram","GH-05","导数应用：单调、极值与弯曲","导数应用：单调、极值与弯曲","4","实际最值建模","lecture","relational","relationship_diagram","关系图谱","gh-05-c04-562d8595","适合需要补充概念关系、表示转换或前后连接证据时调用"
"gh-05-c04-562d8595-symbolic_bridge","GH-05","导数应用：单调、极值与弯曲","导数应用：单调、极值与弯曲","4","实际最值建模","lecture","symbolic","symbolic_bridge","符号桥接","gh-05-c04-562d8595","适合需要补充符号含义、公式语言或简答表达证据时调用"
"gh-05-c04-562d8595-misconception_contrast","GH-05","导数应用：单调、极值与弯曲","导数应用：单调、极值与弯曲","4","实际最值建模","game","relational","misconception_contrast","误解对比","gh-05-c04-562d8595","适合需要暴露并对比典型误解、收集纠错解释证据时调用"
"gh-05-c04-562d8595-error_repair_challenge","GH-05","导数应用：单调、极值与弯曲","导数应用：单调、极值与弯曲","4","实际最值建模","game","applied","error_repair_challenge","纠错挑战","gh-05-c04-562d8595","适合需要通过可重试挑战收集纠错过程证据时调用"
"gh-05-c04-562d8595-micro_practice","GH-05","导数应用：单调、极值与弯曲","导数应用：单调、极值与弯曲","4","实际最值建模","practice","assessment","micro_practice","微练习确认","gh-05-c04-562d8595","适合需要快速确认掌握、继续学习前补充检查证据时调用"
"gh-05-c04-562d8595-transfer_context","GH-05","导数应用：单调、极值与弯曲","导数应用：单调、极值与弯曲","4","实际最值建模","practice","applied","transfer_context","迁移应用","gh-05-c04-562d8595","适合需要收集近迁移应用证据时调用"
"gh-05-c04-562d8595-challenge_experiment","GH-05","导数应用：单调、极值与弯曲","导数应用：单调、极值与弯曲","4","实际最值建模","experiment","visual","challenge_experiment","挑战实验","gh-05-c04-562d8595","适合需要收集更高挑战度的操作、比较或边界情况证据时调用"
"gh-05-c04-562d8595-spatial_or_2d_view","GH-05","导数应用：单调、极值与弯曲","导数应用：单调、极值与弯曲","4","实际最值建模","experiment","visual","spatial_or_2d_view","空间/二维视角","gh-05-c04-562d8595","适合需要补充空间视角、二维兜底或可视化理解证据时调用"
"gh-05-c04-562d8595-teach_back_card","GH-05","导数应用：单调、极值与弯曲","导数应用：单调、极值与弯曲","4","实际最值建模","practice","verbal","teach_back_card","讲给同伴听","gh-05-c04-562d8595","适合需要收集口头化解释、同伴讲解或反例说明证据时调用"
"gh-06-c01-0e05fe6f-intuition_simulation","GH-06","积分直觉：面积、累积与原函数","积分直觉：面积、累积与原函数","1","小矩形逼近面积","experiment","manipulative","intuition_simulation","直觉操作实验","gh-06-c01-0e05fe6f","适合需要补充直觉操作证据、提升低交互参与或验证变量关系时调用"
"gh-06-c01-0e05fe6f-relationship_diagram","GH-06","积分直觉：面积、累积与原函数","积分直觉：面积、累积与原函数","1","小矩形逼近面积","lecture","relational","relationship_diagram","关系图谱","gh-06-c01-0e05fe6f","适合需要补充概念关系、表示转换或前后连接证据时调用"
"gh-06-c01-0e05fe6f-symbolic_bridge","GH-06","积分直觉：面积、累积与原函数","积分直觉：面积、累积与原函数","1","小矩形逼近面积","lecture","symbolic","symbolic_bridge","符号桥接","gh-06-c01-0e05fe6f","适合需要补充符号含义、公式语言或简答表达证据时调用"
"gh-06-c01-0e05fe6f-misconception_contrast","GH-06","积分直觉：面积、累积与原函数","积分直觉：面积、累积与原函数","1","小矩形逼近面积","game","relational","misconception_contrast","误解对比","gh-06-c01-0e05fe6f","适合需要暴露并对比典型误解、收集纠错解释证据时调用"
"gh-06-c01-0e05fe6f-error_repair_challenge","GH-06","积分直觉：面积、累积与原函数","积分直觉：面积、累积与原函数","1","小矩形逼近面积","game","applied","error_repair_challenge","纠错挑战","gh-06-c01-0e05fe6f","适合需要通过可重试挑战收集纠错过程证据时调用"
"gh-06-c01-0e05fe6f-micro_practice","GH-06","积分直觉：面积、累积与原函数","积分直觉：面积、累积与原函数","1","小矩形逼近面积","practice","assessment","micro_practice","微练习确认","gh-06-c01-0e05fe6f","适合需要快速确认掌握、继续学习前补充检查证据时调用"
"gh-06-c01-0e05fe6f-transfer_context","GH-06","积分直觉：面积、累积与原函数","积分直觉：面积、累积与原函数","1","小矩形逼近面积","practice","applied","transfer_context","迁移应用","gh-06-c01-0e05fe6f","适合需要收集近迁移应用证据时调用"
"gh-06-c01-0e05fe6f-challenge_experiment","GH-06","积分直觉：面积、累积与原函数","积分直觉：面积、累积与原函数","1","小矩形逼近面积","experiment","visual","challenge_experiment","挑战实验","gh-06-c01-0e05fe6f","适合需要收集更高挑战度的操作、比较或边界情况证据时调用"
"gh-06-c01-0e05fe6f-spatial_or_2d_view","GH-06","积分直觉：面积、累积与原函数","积分直觉：面积、累积与原函数","1","小矩形逼近面积","experiment","visual","spatial_or_2d_view","空间/二维视角","gh-06-c01-0e05fe6f","适合需要补充空间视角、二维兜底或可视化理解证据时调用"
"gh-06-c01-0e05fe6f-teach_back_card","GH-06","积分直觉：面积、累积与原函数","积分直觉：面积、累积与原函数","1","小矩形逼近面积","practice","verbal","teach_back_card","讲给同伴听","gh-06-c01-0e05fe6f","适合需要收集口头化解释、同伴讲解或反例说明证据时调用"
"gh-06-c02-e9a24991-intuition_simulation","GH-06","积分直觉：面积、累积与原函数","积分直觉：面积、累积与原函数","2","定积分作为累积","experiment","manipulative","intuition_simulation","直觉操作实验","gh-06-c02-e9a24991","适合需要补充直觉操作证据、提升低交互参与或验证变量关系时调用"
"gh-06-c02-e9a24991-relationship_diagram","GH-06","积分直觉：面积、累积与原函数","积分直觉：面积、累积与原函数","2","定积分作为累积","lecture","relational","relationship_diagram","关系图谱","gh-06-c02-e9a24991","适合需要补充概念关系、表示转换或前后连接证据时调用"
"gh-06-c02-e9a24991-symbolic_bridge","GH-06","积分直觉：面积、累积与原函数","积分直觉：面积、累积与原函数","2","定积分作为累积","lecture","symbolic","symbolic_bridge","符号桥接","gh-06-c02-e9a24991","适合需要补充符号含义、公式语言或简答表达证据时调用"
"gh-06-c02-e9a24991-misconception_contrast","GH-06","积分直觉：面积、累积与原函数","积分直觉：面积、累积与原函数","2","定积分作为累积","game","relational","misconception_contrast","误解对比","gh-06-c02-e9a24991","适合需要暴露并对比典型误解、收集纠错解释证据时调用"
"gh-06-c02-e9a24991-error_repair_challenge","GH-06","积分直觉：面积、累积与原函数","积分直觉：面积、累积与原函数","2","定积分作为累积","game","applied","error_repair_challenge","纠错挑战","gh-06-c02-e9a24991","适合需要通过可重试挑战收集纠错过程证据时调用"
"gh-06-c02-e9a24991-micro_practice","GH-06","积分直觉：面积、累积与原函数","积分直觉：面积、累积与原函数","2","定积分作为累积","practice","assessment","micro_practice","微练习确认","gh-06-c02-e9a24991","适合需要快速确认掌握、继续学习前补充检查证据时调用"
"gh-06-c02-e9a24991-transfer_context","GH-06","积分直觉：面积、累积与原函数","积分直觉：面积、累积与原函数","2","定积分作为累积","practice","applied","transfer_context","迁移应用","gh-06-c02-e9a24991","适合需要收集近迁移应用证据时调用"
"gh-06-c02-e9a24991-challenge_experiment","GH-06","积分直觉：面积、累积与原函数","积分直觉：面积、累积与原函数","2","定积分作为累积","experiment","visual","challenge_experiment","挑战实验","gh-06-c02-e9a24991","适合需要收集更高挑战度的操作、比较或边界情况证据时调用"
"gh-06-c02-e9a24991-spatial_or_2d_view","GH-06","积分直觉：面积、累积与原函数","积分直觉：面积、累积与原函数","2","定积分作为累积","experiment","visual","spatial_or_2d_view","空间/二维视角","gh-06-c02-e9a24991","适合需要补充空间视角、二维兜底或可视化理解证据时调用"
"gh-06-c02-e9a24991-teach_back_card","GH-06","积分直觉：面积、累积与原函数","积分直觉：面积、累积与原函数","2","定积分作为累积","practice","verbal","teach_back_card","讲给同伴听","gh-06-c02-e9a24991","适合需要收集口头化解释、同伴讲解或反例说明证据时调用"
"gh-06-c03-9ddae805-intuition_simulation","GH-06","积分直觉：面积、累积与原函数","积分直觉：面积、累积与原函数","3","原函数和不定积分","experiment","manipulative","intuition_simulation","直觉操作实验","gh-06-c03-9ddae805","适合需要补充直觉操作证据、提升低交互参与或验证变量关系时调用"
"gh-06-c03-9ddae805-relationship_diagram","GH-06","积分直觉：面积、累积与原函数","积分直觉：面积、累积与原函数","3","原函数和不定积分","lecture","relational","relationship_diagram","关系图谱","gh-06-c03-9ddae805","适合需要补充概念关系、表示转换或前后连接证据时调用"
"gh-06-c03-9ddae805-symbolic_bridge","GH-06","积分直觉：面积、累积与原函数","积分直觉：面积、累积与原函数","3","原函数和不定积分","lecture","symbolic","symbolic_bridge","符号桥接","gh-06-c03-9ddae805","适合需要补充符号含义、公式语言或简答表达证据时调用"
"gh-06-c03-9ddae805-misconception_contrast","GH-06","积分直觉：面积、累积与原函数","积分直觉：面积、累积与原函数","3","原函数和不定积分","game","relational","misconception_contrast","误解对比","gh-06-c03-9ddae805","适合需要暴露并对比典型误解、收集纠错解释证据时调用"
"gh-06-c03-9ddae805-error_repair_challenge","GH-06","积分直觉：面积、累积与原函数","积分直觉：面积、累积与原函数","3","原函数和不定积分","game","applied","error_repair_challenge","纠错挑战","gh-06-c03-9ddae805","适合需要通过可重试挑战收集纠错过程证据时调用"
"gh-06-c03-9ddae805-micro_practice","GH-06","积分直觉：面积、累积与原函数","积分直觉：面积、累积与原函数","3","原函数和不定积分","practice","assessment","micro_practice","微练习确认","gh-06-c03-9ddae805","适合需要快速确认掌握、继续学习前补充检查证据时调用"
"gh-06-c03-9ddae805-transfer_context","GH-06","积分直觉：面积、累积与原函数","积分直觉：面积、累积与原函数","3","原函数和不定积分","practice","applied","transfer_context","迁移应用","gh-06-c03-9ddae805","适合需要收集近迁移应用证据时调用"
"gh-06-c03-9ddae805-challenge_experiment","GH-06","积分直觉：面积、累积与原函数","积分直觉：面积、累积与原函数","3","原函数和不定积分","experiment","visual","challenge_experiment","挑战实验","gh-06-c03-9ddae805","适合需要收集更高挑战度的操作、比较或边界情况证据时调用"
"gh-06-c03-9ddae805-spatial_or_2d_view","GH-06","积分直觉：面积、累积与原函数","积分直觉：面积、累积与原函数","3","原函数和不定积分","experiment","visual","spatial_or_2d_view","空间/二维视角","gh-06-c03-9ddae805","适合需要补充空间视角、二维兜底或可视化理解证据时调用"
"gh-06-c03-9ddae805-teach_back_card","GH-06","积分直觉：面积、累积与原函数","积分直觉：面积、累积与原函数","3","原函数和不定积分","practice","verbal","teach_back_card","讲给同伴听","gh-06-c03-9ddae805","适合需要收集口头化解释、同伴讲解或反例说明证据时调用"
"gh-07-c01-c5ef7efd-intuition_simulation","GH-07","微积分基本定理与积分方法","微积分基本定理与积分方法","1","变上限积分","experiment","manipulative","intuition_simulation","直觉操作实验","gh-07-c01-c5ef7efd","适合需要补充直觉操作证据、提升低交互参与或验证变量关系时调用"
"gh-07-c01-c5ef7efd-relationship_diagram","GH-07","微积分基本定理与积分方法","微积分基本定理与积分方法","1","变上限积分","lecture","relational","relationship_diagram","关系图谱","gh-07-c01-c5ef7efd","适合需要补充概念关系、表示转换或前后连接证据时调用"
"gh-07-c01-c5ef7efd-symbolic_bridge","GH-07","微积分基本定理与积分方法","微积分基本定理与积分方法","1","变上限积分","lecture","symbolic","symbolic_bridge","符号桥接","gh-07-c01-c5ef7efd","适合需要补充符号含义、公式语言或简答表达证据时调用"
"gh-07-c01-c5ef7efd-misconception_contrast","GH-07","微积分基本定理与积分方法","微积分基本定理与积分方法","1","变上限积分","game","relational","misconception_contrast","误解对比","gh-07-c01-c5ef7efd","适合需要暴露并对比典型误解、收集纠错解释证据时调用"
"gh-07-c01-c5ef7efd-error_repair_challenge","GH-07","微积分基本定理与积分方法","微积分基本定理与积分方法","1","变上限积分","game","applied","error_repair_challenge","纠错挑战","gh-07-c01-c5ef7efd","适合需要通过可重试挑战收集纠错过程证据时调用"
"gh-07-c01-c5ef7efd-micro_practice","GH-07","微积分基本定理与积分方法","微积分基本定理与积分方法","1","变上限积分","practice","assessment","micro_practice","微练习确认","gh-07-c01-c5ef7efd","适合需要快速确认掌握、继续学习前补充检查证据时调用"
"gh-07-c01-c5ef7efd-transfer_context","GH-07","微积分基本定理与积分方法","微积分基本定理与积分方法","1","变上限积分","practice","applied","transfer_context","迁移应用","gh-07-c01-c5ef7efd","适合需要收集近迁移应用证据时调用"
"gh-07-c01-c5ef7efd-challenge_experiment","GH-07","微积分基本定理与积分方法","微积分基本定理与积分方法","1","变上限积分","experiment","visual","challenge_experiment","挑战实验","gh-07-c01-c5ef7efd","适合需要收集更高挑战度的操作、比较或边界情况证据时调用"
"gh-07-c01-c5ef7efd-spatial_or_2d_view","GH-07","微积分基本定理与积分方法","微积分基本定理与积分方法","1","变上限积分","experiment","visual","spatial_or_2d_view","空间/二维视角","gh-07-c01-c5ef7efd","适合需要补充空间视角、二维兜底或可视化理解证据时调用"
"gh-07-c01-c5ef7efd-teach_back_card","GH-07","微积分基本定理与积分方法","微积分基本定理与积分方法","1","变上限积分","practice","verbal","teach_back_card","讲给同伴听","gh-07-c01-c5ef7efd","适合需要收集口头化解释、同伴讲解或反例说明证据时调用"
"gh-07-c02-f2c18870-intuition_simulation","GH-07","微积分基本定理与积分方法","微积分基本定理与积分方法","2","牛顿-莱布尼茨公式","experiment","manipulative","intuition_simulation","直觉操作实验","gh-07-c02-f2c18870","适合需要补充直觉操作证据、提升低交互参与或验证变量关系时调用"
"gh-07-c02-f2c18870-relationship_diagram","GH-07","微积分基本定理与积分方法","微积分基本定理与积分方法","2","牛顿-莱布尼茨公式","lecture","relational","relationship_diagram","关系图谱","gh-07-c02-f2c18870","适合需要补充概念关系、表示转换或前后连接证据时调用"
"gh-07-c02-f2c18870-symbolic_bridge","GH-07","微积分基本定理与积分方法","微积分基本定理与积分方法","2","牛顿-莱布尼茨公式","lecture","symbolic","symbolic_bridge","符号桥接","gh-07-c02-f2c18870","适合需要补充符号含义、公式语言或简答表达证据时调用"
"gh-07-c02-f2c18870-misconception_contrast","GH-07","微积分基本定理与积分方法","微积分基本定理与积分方法","2","牛顿-莱布尼茨公式","game","relational","misconception_contrast","误解对比","gh-07-c02-f2c18870","适合需要暴露并对比典型误解、收集纠错解释证据时调用"
"gh-07-c02-f2c18870-error_repair_challenge","GH-07","微积分基本定理与积分方法","微积分基本定理与积分方法","2","牛顿-莱布尼茨公式","game","applied","error_repair_challenge","纠错挑战","gh-07-c02-f2c18870","适合需要通过可重试挑战收集纠错过程证据时调用"
"gh-07-c02-f2c18870-micro_practice","GH-07","微积分基本定理与积分方法","微积分基本定理与积分方法","2","牛顿-莱布尼茨公式","practice","assessment","micro_practice","微练习确认","gh-07-c02-f2c18870","适合需要快速确认掌握、继续学习前补充检查证据时调用"
"gh-07-c02-f2c18870-transfer_context","GH-07","微积分基本定理与积分方法","微积分基本定理与积分方法","2","牛顿-莱布尼茨公式","practice","applied","transfer_context","迁移应用","gh-07-c02-f2c18870","适合需要收集近迁移应用证据时调用"
"gh-07-c02-f2c18870-challenge_experiment","GH-07","微积分基本定理与积分方法","微积分基本定理与积分方法","2","牛顿-莱布尼茨公式","experiment","visual","challenge_experiment","挑战实验","gh-07-c02-f2c18870","适合需要收集更高挑战度的操作、比较或边界情况证据时调用"
"gh-07-c02-f2c18870-spatial_or_2d_view","GH-07","微积分基本定理与积分方法","微积分基本定理与积分方法","2","牛顿-莱布尼茨公式","experiment","visual","spatial_or_2d_view","空间/二维视角","gh-07-c02-f2c18870","适合需要补充空间视角、二维兜底或可视化理解证据时调用"
"gh-07-c02-f2c18870-teach_back_card","GH-07","微积分基本定理与积分方法","微积分基本定理与积分方法","2","牛顿-莱布尼茨公式","practice","verbal","teach_back_card","讲给同伴听","gh-07-c02-f2c18870","适合需要收集口头化解释、同伴讲解或反例说明证据时调用"
"gh-07-c03-788b0682-intuition_simulation","GH-07","微积分基本定理与积分方法","微积分基本定理与积分方法","3","换元法直觉","experiment","manipulative","intuition_simulation","直觉操作实验","gh-07-c03-788b0682","适合需要补充直觉操作证据、提升低交互参与或验证变量关系时调用"
"gh-07-c03-788b0682-relationship_diagram","GH-07","微积分基本定理与积分方法","微积分基本定理与积分方法","3","换元法直觉","lecture","relational","relationship_diagram","关系图谱","gh-07-c03-788b0682","适合需要补充概念关系、表示转换或前后连接证据时调用"
"gh-07-c03-788b0682-symbolic_bridge","GH-07","微积分基本定理与积分方法","微积分基本定理与积分方法","3","换元法直觉","lecture","symbolic","symbolic_bridge","符号桥接","gh-07-c03-788b0682","适合需要补充符号含义、公式语言或简答表达证据时调用"
"gh-07-c03-788b0682-misconception_contrast","GH-07","微积分基本定理与积分方法","微积分基本定理与积分方法","3","换元法直觉","game","relational","misconception_contrast","误解对比","gh-07-c03-788b0682","适合需要暴露并对比典型误解、收集纠错解释证据时调用"
"gh-07-c03-788b0682-error_repair_challenge","GH-07","微积分基本定理与积分方法","微积分基本定理与积分方法","3","换元法直觉","game","applied","error_repair_challenge","纠错挑战","gh-07-c03-788b0682","适合需要通过可重试挑战收集纠错过程证据时调用"
"gh-07-c03-788b0682-micro_practice","GH-07","微积分基本定理与积分方法","微积分基本定理与积分方法","3","换元法直觉","practice","assessment","micro_practice","微练习确认","gh-07-c03-788b0682","适合需要快速确认掌握、继续学习前补充检查证据时调用"
"gh-07-c03-788b0682-transfer_context","GH-07","微积分基本定理与积分方法","微积分基本定理与积分方法","3","换元法直觉","practice","applied","transfer_context","迁移应用","gh-07-c03-788b0682","适合需要收集近迁移应用证据时调用"
"gh-07-c03-788b0682-challenge_experiment","GH-07","微积分基本定理与积分方法","微积分基本定理与积分方法","3","换元法直觉","experiment","visual","challenge_experiment","挑战实验","gh-07-c03-788b0682","适合需要收集更高挑战度的操作、比较或边界情况证据时调用"
"gh-07-c03-788b0682-spatial_or_2d_view","GH-07","微积分基本定理与积分方法","微积分基本定理与积分方法","3","换元法直觉","experiment","visual","spatial_or_2d_view","空间/二维视角","gh-07-c03-788b0682","适合需要补充空间视角、二维兜底或可视化理解证据时调用"
"gh-07-c03-788b0682-teach_back_card","GH-07","微积分基本定理与积分方法","微积分基本定理与积分方法","3","换元法直觉","practice","verbal","teach_back_card","讲给同伴听","gh-07-c03-788b0682","适合需要收集口头化解释、同伴讲解或反例说明证据时调用"
"gh-07-c04-f789227a-intuition_simulation","GH-07","微积分基本定理与积分方法","微积分基本定理与积分方法","4","分部积分直觉","experiment","manipulative","intuition_simulation","直觉操作实验","gh-07-c04-f789227a","适合需要补充直觉操作证据、提升低交互参与或验证变量关系时调用"
"gh-07-c04-f789227a-relationship_diagram","GH-07","微积分基本定理与积分方法","微积分基本定理与积分方法","4","分部积分直觉","lecture","relational","relationship_diagram","关系图谱","gh-07-c04-f789227a","适合需要补充概念关系、表示转换或前后连接证据时调用"
"gh-07-c04-f789227a-symbolic_bridge","GH-07","微积分基本定理与积分方法","微积分基本定理与积分方法","4","分部积分直觉","lecture","symbolic","symbolic_bridge","符号桥接","gh-07-c04-f789227a","适合需要补充符号含义、公式语言或简答表达证据时调用"
"gh-07-c04-f789227a-misconception_contrast","GH-07","微积分基本定理与积分方法","微积分基本定理与积分方法","4","分部积分直觉","game","relational","misconception_contrast","误解对比","gh-07-c04-f789227a","适合需要暴露并对比典型误解、收集纠错解释证据时调用"
"gh-07-c04-f789227a-error_repair_challenge","GH-07","微积分基本定理与积分方法","微积分基本定理与积分方法","4","分部积分直觉","game","applied","error_repair_challenge","纠错挑战","gh-07-c04-f789227a","适合需要通过可重试挑战收集纠错过程证据时调用"
"gh-07-c04-f789227a-micro_practice","GH-07","微积分基本定理与积分方法","微积分基本定理与积分方法","4","分部积分直觉","practice","assessment","micro_practice","微练习确认","gh-07-c04-f789227a","适合需要快速确认掌握、继续学习前补充检查证据时调用"
"gh-07-c04-f789227a-transfer_context","GH-07","微积分基本定理与积分方法","微积分基本定理与积分方法","4","分部积分直觉","practice","applied","transfer_context","迁移应用","gh-07-c04-f789227a","适合需要收集近迁移应用证据时调用"
"gh-07-c04-f789227a-challenge_experiment","GH-07","微积分基本定理与积分方法","微积分基本定理与积分方法","4","分部积分直觉","experiment","visual","challenge_experiment","挑战实验","gh-07-c04-f789227a","适合需要收集更高挑战度的操作、比较或边界情况证据时调用"
"gh-07-c04-f789227a-spatial_or_2d_view","GH-07","微积分基本定理与积分方法","微积分基本定理与积分方法","4","分部积分直觉","experiment","visual","spatial_or_2d_view","空间/二维视角","gh-07-c04-f789227a","适合需要补充空间视角、二维兜底或可视化理解证据时调用"
"gh-07-c04-f789227a-teach_back_card","GH-07","微积分基本定理与积分方法","微积分基本定理与积分方法","4","分部积分直觉","practice","verbal","teach_back_card","讲给同伴听","gh-07-c04-f789227a","适合需要收集口头化解释、同伴讲解或反例说明证据时调用"
"gh-08-c01-7e238933-intuition_simulation","GH-08","多元函数、曲面与偏导数","多元函数、曲面与偏导数","1","多输入函数","experiment","manipulative","intuition_simulation","直觉操作实验","gh-08-c01-7e238933","适合需要补充直觉操作证据、提升低交互参与或验证变量关系时调用"
"gh-08-c01-7e238933-relationship_diagram","GH-08","多元函数、曲面与偏导数","多元函数、曲面与偏导数","1","多输入函数","lecture","relational","relationship_diagram","关系图谱","gh-08-c01-7e238933","适合需要补充概念关系、表示转换或前后连接证据时调用"
"gh-08-c01-7e238933-symbolic_bridge","GH-08","多元函数、曲面与偏导数","多元函数、曲面与偏导数","1","多输入函数","lecture","symbolic","symbolic_bridge","符号桥接","gh-08-c01-7e238933","适合需要补充符号含义、公式语言或简答表达证据时调用"
"gh-08-c01-7e238933-misconception_contrast","GH-08","多元函数、曲面与偏导数","多元函数、曲面与偏导数","1","多输入函数","game","relational","misconception_contrast","误解对比","gh-08-c01-7e238933","适合需要暴露并对比典型误解、收集纠错解释证据时调用"
"gh-08-c01-7e238933-error_repair_challenge","GH-08","多元函数、曲面与偏导数","多元函数、曲面与偏导数","1","多输入函数","game","applied","error_repair_challenge","纠错挑战","gh-08-c01-7e238933","适合需要通过可重试挑战收集纠错过程证据时调用"
"gh-08-c01-7e238933-micro_practice","GH-08","多元函数、曲面与偏导数","多元函数、曲面与偏导数","1","多输入函数","practice","assessment","micro_practice","微练习确认","gh-08-c01-7e238933","适合需要快速确认掌握、继续学习前补充检查证据时调用"
"gh-08-c01-7e238933-transfer_context","GH-08","多元函数、曲面与偏导数","多元函数、曲面与偏导数","1","多输入函数","practice","applied","transfer_context","迁移应用","gh-08-c01-7e238933","适合需要收集近迁移应用证据时调用"
"gh-08-c01-7e238933-challenge_experiment","GH-08","多元函数、曲面与偏导数","多元函数、曲面与偏导数","1","多输入函数","experiment","visual","challenge_experiment","挑战实验","gh-08-c01-7e238933","适合需要收集更高挑战度的操作、比较或边界情况证据时调用"
"gh-08-c01-7e238933-spatial_or_2d_view","GH-08","多元函数、曲面与偏导数","多元函数、曲面与偏导数","1","多输入函数","experiment","visual","spatial_or_2d_view","空间/二维视角","gh-08-c01-7e238933","适合需要补充空间视角、二维兜底或可视化理解证据时调用"
"gh-08-c01-7e238933-teach_back_card","GH-08","多元函数、曲面与偏导数","多元函数、曲面与偏导数","1","多输入函数","practice","verbal","teach_back_card","讲给同伴听","gh-08-c01-7e238933","适合需要收集口头化解释、同伴讲解或反例说明证据时调用"
"gh-08-c02-76fee6bf-intuition_simulation","GH-08","多元函数、曲面与偏导数","多元函数、曲面与偏导数","2","曲面与等高线","experiment","manipulative","intuition_simulation","直觉操作实验","gh-08-c02-76fee6bf","适合需要补充直觉操作证据、提升低交互参与或验证变量关系时调用"
"gh-08-c02-76fee6bf-relationship_diagram","GH-08","多元函数、曲面与偏导数","多元函数、曲面与偏导数","2","曲面与等高线","lecture","relational","relationship_diagram","关系图谱","gh-08-c02-76fee6bf","适合需要补充概念关系、表示转换或前后连接证据时调用"
"gh-08-c02-76fee6bf-symbolic_bridge","GH-08","多元函数、曲面与偏导数","多元函数、曲面与偏导数","2","曲面与等高线","lecture","symbolic","symbolic_bridge","符号桥接","gh-08-c02-76fee6bf","适合需要补充符号含义、公式语言或简答表达证据时调用"
"gh-08-c02-76fee6bf-misconception_contrast","GH-08","多元函数、曲面与偏导数","多元函数、曲面与偏导数","2","曲面与等高线","game","relational","misconception_contrast","误解对比","gh-08-c02-76fee6bf","适合需要暴露并对比典型误解、收集纠错解释证据时调用"
"gh-08-c02-76fee6bf-error_repair_challenge","GH-08","多元函数、曲面与偏导数","多元函数、曲面与偏导数","2","曲面与等高线","game","applied","error_repair_challenge","纠错挑战","gh-08-c02-76fee6bf","适合需要通过可重试挑战收集纠错过程证据时调用"
"gh-08-c02-76fee6bf-micro_practice","GH-08","多元函数、曲面与偏导数","多元函数、曲面与偏导数","2","曲面与等高线","practice","assessment","micro_practice","微练习确认","gh-08-c02-76fee6bf","适合需要快速确认掌握、继续学习前补充检查证据时调用"
"gh-08-c02-76fee6bf-transfer_context","GH-08","多元函数、曲面与偏导数","多元函数、曲面与偏导数","2","曲面与等高线","practice","applied","transfer_context","迁移应用","gh-08-c02-76fee6bf","适合需要收集近迁移应用证据时调用"
"gh-08-c02-76fee6bf-challenge_experiment","GH-08","多元函数、曲面与偏导数","多元函数、曲面与偏导数","2","曲面与等高线","experiment","visual","challenge_experiment","挑战实验","gh-08-c02-76fee6bf","适合需要收集更高挑战度的操作、比较或边界情况证据时调用"
"gh-08-c02-76fee6bf-spatial_or_2d_view","GH-08","多元函数、曲面与偏导数","多元函数、曲面与偏导数","2","曲面与等高线","experiment","visual","spatial_or_2d_view","空间/二维视角","gh-08-c02-76fee6bf","适合需要补充空间视角、二维兜底或可视化理解证据时调用"
"gh-08-c02-76fee6bf-teach_back_card","GH-08","多元函数、曲面与偏导数","多元函数、曲面与偏导数","2","曲面与等高线","practice","verbal","teach_back_card","讲给同伴听","gh-08-c02-76fee6bf","适合需要收集口头化解释、同伴讲解或反例说明证据时调用"
"gh-08-c03-ae40be2f-intuition_simulation","GH-08","多元函数、曲面与偏导数","多元函数、曲面与偏导数","3","偏导数","experiment","manipulative","intuition_simulation","直觉操作实验","gh-08-c03-ae40be2f","适合需要补充直觉操作证据、提升低交互参与或验证变量关系时调用"
"gh-08-c03-ae40be2f-relationship_diagram","GH-08","多元函数、曲面与偏导数","多元函数、曲面与偏导数","3","偏导数","lecture","relational","relationship_diagram","关系图谱","gh-08-c03-ae40be2f","适合需要补充概念关系、表示转换或前后连接证据时调用"
"gh-08-c03-ae40be2f-symbolic_bridge","GH-08","多元函数、曲面与偏导数","多元函数、曲面与偏导数","3","偏导数","lecture","symbolic","symbolic_bridge","符号桥接","gh-08-c03-ae40be2f","适合需要补充符号含义、公式语言或简答表达证据时调用"
"gh-08-c03-ae40be2f-misconception_contrast","GH-08","多元函数、曲面与偏导数","多元函数、曲面与偏导数","3","偏导数","game","relational","misconception_contrast","误解对比","gh-08-c03-ae40be2f","适合需要暴露并对比典型误解、收集纠错解释证据时调用"
"gh-08-c03-ae40be2f-error_repair_challenge","GH-08","多元函数、曲面与偏导数","多元函数、曲面与偏导数","3","偏导数","game","applied","error_repair_challenge","纠错挑战","gh-08-c03-ae40be2f","适合需要通过可重试挑战收集纠错过程证据时调用"
"gh-08-c03-ae40be2f-micro_practice","GH-08","多元函数、曲面与偏导数","多元函数、曲面与偏导数","3","偏导数","practice","assessment","micro_practice","微练习确认","gh-08-c03-ae40be2f","适合需要快速确认掌握、继续学习前补充检查证据时调用"
"gh-08-c03-ae40be2f-transfer_context","GH-08","多元函数、曲面与偏导数","多元函数、曲面与偏导数","3","偏导数","practice","applied","transfer_context","迁移应用","gh-08-c03-ae40be2f","适合需要收集近迁移应用证据时调用"
"gh-08-c03-ae40be2f-challenge_experiment","GH-08","多元函数、曲面与偏导数","多元函数、曲面与偏导数","3","偏导数","experiment","visual","challenge_experiment","挑战实验","gh-08-c03-ae40be2f","适合需要收集更高挑战度的操作、比较或边界情况证据时调用"
"gh-08-c03-ae40be2f-spatial_or_2d_view","GH-08","多元函数、曲面与偏导数","多元函数、曲面与偏导数","3","偏导数","experiment","visual","spatial_or_2d_view","空间/二维视角","gh-08-c03-ae40be2f","适合需要补充空间视角、二维兜底或可视化理解证据时调用"
"gh-08-c03-ae40be2f-teach_back_card","GH-08","多元函数、曲面与偏导数","多元函数、曲面与偏导数","3","偏导数","practice","verbal","teach_back_card","讲给同伴听","gh-08-c03-ae40be2f","适合需要收集口头化解释、同伴讲解或反例说明证据时调用"
"gh-09-c01-b9fcfc32-intuition_simulation","GH-09","梯度、方向导数与等高线","梯度、方向导数与等高线","1","梯度向量","experiment","manipulative","intuition_simulation","直觉操作实验","gh-09-c01-b9fcfc32","适合需要补充直觉操作证据、提升低交互参与或验证变量关系时调用"
"gh-09-c01-b9fcfc32-relationship_diagram","GH-09","梯度、方向导数与等高线","梯度、方向导数与等高线","1","梯度向量","lecture","relational","relationship_diagram","关系图谱","gh-09-c01-b9fcfc32","适合需要补充概念关系、表示转换或前后连接证据时调用"
"gh-09-c01-b9fcfc32-symbolic_bridge","GH-09","梯度、方向导数与等高线","梯度、方向导数与等高线","1","梯度向量","lecture","symbolic","symbolic_bridge","符号桥接","gh-09-c01-b9fcfc32","适合需要补充符号含义、公式语言或简答表达证据时调用"
"gh-09-c01-b9fcfc32-misconception_contrast","GH-09","梯度、方向导数与等高线","梯度、方向导数与等高线","1","梯度向量","game","relational","misconception_contrast","误解对比","gh-09-c01-b9fcfc32","适合需要暴露并对比典型误解、收集纠错解释证据时调用"
"gh-09-c01-b9fcfc32-error_repair_challenge","GH-09","梯度、方向导数与等高线","梯度、方向导数与等高线","1","梯度向量","game","applied","error_repair_challenge","纠错挑战","gh-09-c01-b9fcfc32","适合需要通过可重试挑战收集纠错过程证据时调用"
"gh-09-c01-b9fcfc32-micro_practice","GH-09","梯度、方向导数与等高线","梯度、方向导数与等高线","1","梯度向量","practice","assessment","micro_practice","微练习确认","gh-09-c01-b9fcfc32","适合需要快速确认掌握、继续学习前补充检查证据时调用"
"gh-09-c01-b9fcfc32-transfer_context","GH-09","梯度、方向导数与等高线","梯度、方向导数与等高线","1","梯度向量","practice","applied","transfer_context","迁移应用","gh-09-c01-b9fcfc32","适合需要收集近迁移应用证据时调用"
"gh-09-c01-b9fcfc32-challenge_experiment","GH-09","梯度、方向导数与等高线","梯度、方向导数与等高线","1","梯度向量","experiment","visual","challenge_experiment","挑战实验","gh-09-c01-b9fcfc32","适合需要收集更高挑战度的操作、比较或边界情况证据时调用"
"gh-09-c01-b9fcfc32-spatial_or_2d_view","GH-09","梯度、方向导数与等高线","梯度、方向导数与等高线","1","梯度向量","experiment","visual","spatial_or_2d_view","空间/二维视角","gh-09-c01-b9fcfc32","适合需要补充空间视角、二维兜底或可视化理解证据时调用"
"gh-09-c01-b9fcfc32-teach_back_card","GH-09","梯度、方向导数与等高线","梯度、方向导数与等高线","1","梯度向量","practice","verbal","teach_back_card","讲给同伴听","gh-09-c01-b9fcfc32","适合需要收集口头化解释、同伴讲解或反例说明证据时调用"
"gh-09-c02-6f9c66e1-intuition_simulation","GH-09","梯度、方向导数与等高线","梯度、方向导数与等高线","2","方向导数","experiment","manipulative","intuition_simulation","直觉操作实验","gh-09-c02-6f9c66e1","适合需要补充直觉操作证据、提升低交互参与或验证变量关系时调用"
"gh-09-c02-6f9c66e1-relationship_diagram","GH-09","梯度、方向导数与等高线","梯度、方向导数与等高线","2","方向导数","lecture","relational","relationship_diagram","关系图谱","gh-09-c02-6f9c66e1","适合需要补充概念关系、表示转换或前后连接证据时调用"
"gh-09-c02-6f9c66e1-symbolic_bridge","GH-09","梯度、方向导数与等高线","梯度、方向导数与等高线","2","方向导数","lecture","symbolic","symbolic_bridge","符号桥接","gh-09-c02-6f9c66e1","适合需要补充符号含义、公式语言或简答表达证据时调用"
"gh-09-c02-6f9c66e1-misconception_contrast","GH-09","梯度、方向导数与等高线","梯度、方向导数与等高线","2","方向导数","game","relational","misconception_contrast","误解对比","gh-09-c02-6f9c66e1","适合需要暴露并对比典型误解、收集纠错解释证据时调用"
"gh-09-c02-6f9c66e1-error_repair_challenge","GH-09","梯度、方向导数与等高线","梯度、方向导数与等高线","2","方向导数","game","applied","error_repair_challenge","纠错挑战","gh-09-c02-6f9c66e1","适合需要通过可重试挑战收集纠错过程证据时调用"
"gh-09-c02-6f9c66e1-micro_practice","GH-09","梯度、方向导数与等高线","梯度、方向导数与等高线","2","方向导数","practice","assessment","micro_practice","微练习确认","gh-09-c02-6f9c66e1","适合需要快速确认掌握、继续学习前补充检查证据时调用"
"gh-09-c02-6f9c66e1-transfer_context","GH-09","梯度、方向导数与等高线","梯度、方向导数与等高线","2","方向导数","practice","applied","transfer_context","迁移应用","gh-09-c02-6f9c66e1","适合需要收集近迁移应用证据时调用"
"gh-09-c02-6f9c66e1-challenge_experiment","GH-09","梯度、方向导数与等高线","梯度、方向导数与等高线","2","方向导数","experiment","visual","challenge_experiment","挑战实验","gh-09-c02-6f9c66e1","适合需要收集更高挑战度的操作、比较或边界情况证据时调用"
"gh-09-c02-6f9c66e1-spatial_or_2d_view","GH-09","梯度、方向导数与等高线","梯度、方向导数与等高线","2","方向导数","experiment","visual","spatial_or_2d_view","空间/二维视角","gh-09-c02-6f9c66e1","适合需要补充空间视角、二维兜底或可视化理解证据时调用"
"gh-09-c02-6f9c66e1-teach_back_card","GH-09","梯度、方向导数与等高线","梯度、方向导数与等高线","2","方向导数","practice","verbal","teach_back_card","讲给同伴听","gh-09-c02-6f9c66e1","适合需要收集口头化解释、同伴讲解或反例说明证据时调用"
"gh-09-c03-bdec6f69-intuition_simulation","GH-09","梯度、方向导数与等高线","梯度、方向导数与等高线","3","梯度与等高线垂直","experiment","manipulative","intuition_simulation","直觉操作实验","gh-09-c03-bdec6f69","适合需要补充直觉操作证据、提升低交互参与或验证变量关系时调用"
"gh-09-c03-bdec6f69-relationship_diagram","GH-09","梯度、方向导数与等高线","梯度、方向导数与等高线","3","梯度与等高线垂直","lecture","relational","relationship_diagram","关系图谱","gh-09-c03-bdec6f69","适合需要补充概念关系、表示转换或前后连接证据时调用"
"gh-09-c03-bdec6f69-symbolic_bridge","GH-09","梯度、方向导数与等高线","梯度、方向导数与等高线","3","梯度与等高线垂直","lecture","symbolic","symbolic_bridge","符号桥接","gh-09-c03-bdec6f69","适合需要补充符号含义、公式语言或简答表达证据时调用"
"gh-09-c03-bdec6f69-misconception_contrast","GH-09","梯度、方向导数与等高线","梯度、方向导数与等高线","3","梯度与等高线垂直","game","relational","misconception_contrast","误解对比","gh-09-c03-bdec6f69","适合需要暴露并对比典型误解、收集纠错解释证据时调用"
"gh-09-c03-bdec6f69-error_repair_challenge","GH-09","梯度、方向导数与等高线","梯度、方向导数与等高线","3","梯度与等高线垂直","game","applied","error_repair_challenge","纠错挑战","gh-09-c03-bdec6f69","适合需要通过可重试挑战收集纠错过程证据时调用"
"gh-09-c03-bdec6f69-micro_practice","GH-09","梯度、方向导数与等高线","梯度、方向导数与等高线","3","梯度与等高线垂直","practice","assessment","micro_practice","微练习确认","gh-09-c03-bdec6f69","适合需要快速确认掌握、继续学习前补充检查证据时调用"
"gh-09-c03-bdec6f69-transfer_context","GH-09","梯度、方向导数与等高线","梯度、方向导数与等高线","3","梯度与等高线垂直","practice","applied","transfer_context","迁移应用","gh-09-c03-bdec6f69","适合需要收集近迁移应用证据时调用"
"gh-09-c03-bdec6f69-challenge_experiment","GH-09","梯度、方向导数与等高线","梯度、方向导数与等高线","3","梯度与等高线垂直","experiment","visual","challenge_experiment","挑战实验","gh-09-c03-bdec6f69","适合需要收集更高挑战度的操作、比较或边界情况证据时调用"
"gh-09-c03-bdec6f69-spatial_or_2d_view","GH-09","梯度、方向导数与等高线","梯度、方向导数与等高线","3","梯度与等高线垂直","experiment","visual","spatial_or_2d_view","空间/二维视角","gh-09-c03-bdec6f69","适合需要补充空间视角、二维兜底或可视化理解证据时调用"
"gh-09-c03-bdec6f69-teach_back_card","GH-09","梯度、方向导数与等高线","梯度、方向导数与等高线","3","梯度与等高线垂直","practice","verbal","teach_back_card","讲给同伴听","gh-09-c03-bdec6f69","适合需要收集口头化解释、同伴讲解或反例说明证据时调用"
"gh-10-c01-49857159-intuition_simulation","GH-10","多元链式法则与 Jacobian","多元链式法则与 Jacobian","1","多元链式法则","experiment","manipulative","intuition_simulation","直觉操作实验","gh-10-c01-49857159","适合需要补充直觉操作证据、提升低交互参与或验证变量关系时调用"
"gh-10-c01-49857159-relationship_diagram","GH-10","多元链式法则与 Jacobian","多元链式法则与 Jacobian","1","多元链式法则","lecture","relational","relationship_diagram","关系图谱","gh-10-c01-49857159","适合需要补充概念关系、表示转换或前后连接证据时调用"
"gh-10-c01-49857159-symbolic_bridge","GH-10","多元链式法则与 Jacobian","多元链式法则与 Jacobian","1","多元链式法则","lecture","symbolic","symbolic_bridge","符号桥接","gh-10-c01-49857159","适合需要补充符号含义、公式语言或简答表达证据时调用"
"gh-10-c01-49857159-misconception_contrast","GH-10","多元链式法则与 Jacobian","多元链式法则与 Jacobian","1","多元链式法则","game","relational","misconception_contrast","误解对比","gh-10-c01-49857159","适合需要暴露并对比典型误解、收集纠错解释证据时调用"
"gh-10-c01-49857159-error_repair_challenge","GH-10","多元链式法则与 Jacobian","多元链式法则与 Jacobian","1","多元链式法则","game","applied","error_repair_challenge","纠错挑战","gh-10-c01-49857159","适合需要通过可重试挑战收集纠错过程证据时调用"
"gh-10-c01-49857159-micro_practice","GH-10","多元链式法则与 Jacobian","多元链式法则与 Jacobian","1","多元链式法则","practice","assessment","micro_practice","微练习确认","gh-10-c01-49857159","适合需要快速确认掌握、继续学习前补充检查证据时调用"
"gh-10-c01-49857159-transfer_context","GH-10","多元链式法则与 Jacobian","多元链式法则与 Jacobian","1","多元链式法则","practice","applied","transfer_context","迁移应用","gh-10-c01-49857159","适合需要收集近迁移应用证据时调用"
"gh-10-c01-49857159-challenge_experiment","GH-10","多元链式法则与 Jacobian","多元链式法则与 Jacobian","1","多元链式法则","experiment","visual","challenge_experiment","挑战实验","gh-10-c01-49857159","适合需要收集更高挑战度的操作、比较或边界情况证据时调用"
"gh-10-c01-49857159-spatial_or_2d_view","GH-10","多元链式法则与 Jacobian","多元链式法则与 Jacobian","1","多元链式法则","experiment","visual","spatial_or_2d_view","空间/二维视角","gh-10-c01-49857159","适合需要补充空间视角、二维兜底或可视化理解证据时调用"
"gh-10-c01-49857159-teach_back_card","GH-10","多元链式法则与 Jacobian","多元链式法则与 Jacobian","1","多元链式法则","practice","verbal","teach_back_card","讲给同伴听","gh-10-c01-49857159","适合需要收集口头化解释、同伴讲解或反例说明证据时调用"
"gh-10-c02-8c59bfb2-intuition_simulation","GH-10","多元链式法则与 Jacobian","多元链式法则与 Jacobian","2","向量值函数","experiment","manipulative","intuition_simulation","直觉操作实验","gh-10-c02-8c59bfb2","适合需要补充直觉操作证据、提升低交互参与或验证变量关系时调用"
"gh-10-c02-8c59bfb2-relationship_diagram","GH-10","多元链式法则与 Jacobian","多元链式法则与 Jacobian","2","向量值函数","lecture","relational","relationship_diagram","关系图谱","gh-10-c02-8c59bfb2","适合需要补充概念关系、表示转换或前后连接证据时调用"
"gh-10-c02-8c59bfb2-symbolic_bridge","GH-10","多元链式法则与 Jacobian","多元链式法则与 Jacobian","2","向量值函数","lecture","symbolic","symbolic_bridge","符号桥接","gh-10-c02-8c59bfb2","适合需要补充符号含义、公式语言或简答表达证据时调用"
"gh-10-c02-8c59bfb2-misconception_contrast","GH-10","多元链式法则与 Jacobian","多元链式法则与 Jacobian","2","向量值函数","game","relational","misconception_contrast","误解对比","gh-10-c02-8c59bfb2","适合需要暴露并对比典型误解、收集纠错解释证据时调用"
"gh-10-c02-8c59bfb2-error_repair_challenge","GH-10","多元链式法则与 Jacobian","多元链式法则与 Jacobian","2","向量值函数","game","applied","error_repair_challenge","纠错挑战","gh-10-c02-8c59bfb2","适合需要通过可重试挑战收集纠错过程证据时调用"
"gh-10-c02-8c59bfb2-micro_practice","GH-10","多元链式法则与 Jacobian","多元链式法则与 Jacobian","2","向量值函数","practice","assessment","micro_practice","微练习确认","gh-10-c02-8c59bfb2","适合需要快速确认掌握、继续学习前补充检查证据时调用"
"gh-10-c02-8c59bfb2-transfer_context","GH-10","多元链式法则与 Jacobian","多元链式法则与 Jacobian","2","向量值函数","practice","applied","transfer_context","迁移应用","gh-10-c02-8c59bfb2","适合需要收集近迁移应用证据时调用"
"gh-10-c02-8c59bfb2-challenge_experiment","GH-10","多元链式法则与 Jacobian","多元链式法则与 Jacobian","2","向量值函数","experiment","visual","challenge_experiment","挑战实验","gh-10-c02-8c59bfb2","适合需要收集更高挑战度的操作、比较或边界情况证据时调用"
"gh-10-c02-8c59bfb2-spatial_or_2d_view","GH-10","多元链式法则与 Jacobian","多元链式法则与 Jacobian","2","向量值函数","experiment","visual","spatial_or_2d_view","空间/二维视角","gh-10-c02-8c59bfb2","适合需要补充空间视角、二维兜底或可视化理解证据时调用"
"gh-10-c02-8c59bfb2-teach_back_card","GH-10","多元链式法则与 Jacobian","多元链式法则与 Jacobian","2","向量值函数","practice","verbal","teach_back_card","讲给同伴听","gh-10-c02-8c59bfb2","适合需要收集口头化解释、同伴讲解或反例说明证据时调用"
"gh-10-c03-378a2272-intuition_simulation","GH-10","多元链式法则与 Jacobian","多元链式法则与 Jacobian","3","Jacobian 表格","experiment","manipulative","intuition_simulation","直觉操作实验","gh-10-c03-378a2272","适合需要补充直觉操作证据、提升低交互参与或验证变量关系时调用"
"gh-10-c03-378a2272-relationship_diagram","GH-10","多元链式法则与 Jacobian","多元链式法则与 Jacobian","3","Jacobian 表格","lecture","relational","relationship_diagram","关系图谱","gh-10-c03-378a2272","适合需要补充概念关系、表示转换或前后连接证据时调用"
"gh-10-c03-378a2272-symbolic_bridge","GH-10","多元链式法则与 Jacobian","多元链式法则与 Jacobian","3","Jacobian 表格","lecture","symbolic","symbolic_bridge","符号桥接","gh-10-c03-378a2272","适合需要补充符号含义、公式语言或简答表达证据时调用"
"gh-10-c03-378a2272-misconception_contrast","GH-10","多元链式法则与 Jacobian","多元链式法则与 Jacobian","3","Jacobian 表格","game","relational","misconception_contrast","误解对比","gh-10-c03-378a2272","适合需要暴露并对比典型误解、收集纠错解释证据时调用"
"gh-10-c03-378a2272-error_repair_challenge","GH-10","多元链式法则与 Jacobian","多元链式法则与 Jacobian","3","Jacobian 表格","game","applied","error_repair_challenge","纠错挑战","gh-10-c03-378a2272","适合需要通过可重试挑战收集纠错过程证据时调用"
"gh-10-c03-378a2272-micro_practice","GH-10","多元链式法则与 Jacobian","多元链式法则与 Jacobian","3","Jacobian 表格","practice","assessment","micro_practice","微练习确认","gh-10-c03-378a2272","适合需要快速确认掌握、继续学习前补充检查证据时调用"
"gh-10-c03-378a2272-transfer_context","GH-10","多元链式法则与 Jacobian","多元链式法则与 Jacobian","3","Jacobian 表格","practice","applied","transfer_context","迁移应用","gh-10-c03-378a2272","适合需要收集近迁移应用证据时调用"
"gh-10-c03-378a2272-challenge_experiment","GH-10","多元链式法则与 Jacobian","多元链式法则与 Jacobian","3","Jacobian 表格","experiment","visual","challenge_experiment","挑战实验","gh-10-c03-378a2272","适合需要收集更高挑战度的操作、比较或边界情况证据时调用"
"gh-10-c03-378a2272-spatial_or_2d_view","GH-10","多元链式法则与 Jacobian","多元链式法则与 Jacobian","3","Jacobian 表格","experiment","visual","spatial_or_2d_view","空间/二维视角","gh-10-c03-378a2272","适合需要补充空间视角、二维兜底或可视化理解证据时调用"
"gh-10-c03-378a2272-teach_back_card","GH-10","多元链式法则与 Jacobian","多元链式法则与 Jacobian","3","Jacobian 表格","practice","verbal","teach_back_card","讲给同伴听","gh-10-c03-378a2272","适合需要收集口头化解释、同伴讲解或反例说明证据时调用"
"gh-10-c04-504e58fd-intuition_simulation","GH-10","多元链式法则与 Jacobian","多元链式法则与 Jacobian","4","局部线性变形","experiment","manipulative","intuition_simulation","直觉操作实验","gh-10-c04-504e58fd","适合需要补充直觉操作证据、提升低交互参与或验证变量关系时调用"
"gh-10-c04-504e58fd-relationship_diagram","GH-10","多元链式法则与 Jacobian","多元链式法则与 Jacobian","4","局部线性变形","lecture","relational","relationship_diagram","关系图谱","gh-10-c04-504e58fd","适合需要补充概念关系、表示转换或前后连接证据时调用"
"gh-10-c04-504e58fd-symbolic_bridge","GH-10","多元链式法则与 Jacobian","多元链式法则与 Jacobian","4","局部线性变形","lecture","symbolic","symbolic_bridge","符号桥接","gh-10-c04-504e58fd","适合需要补充符号含义、公式语言或简答表达证据时调用"
"gh-10-c04-504e58fd-misconception_contrast","GH-10","多元链式法则与 Jacobian","多元链式法则与 Jacobian","4","局部线性变形","game","relational","misconception_contrast","误解对比","gh-10-c04-504e58fd","适合需要暴露并对比典型误解、收集纠错解释证据时调用"
"gh-10-c04-504e58fd-error_repair_challenge","GH-10","多元链式法则与 Jacobian","多元链式法则与 Jacobian","4","局部线性变形","game","applied","error_repair_challenge","纠错挑战","gh-10-c04-504e58fd","适合需要通过可重试挑战收集纠错过程证据时调用"
"gh-10-c04-504e58fd-micro_practice","GH-10","多元链式法则与 Jacobian","多元链式法则与 Jacobian","4","局部线性变形","practice","assessment","micro_practice","微练习确认","gh-10-c04-504e58fd","适合需要快速确认掌握、继续学习前补充检查证据时调用"
"gh-10-c04-504e58fd-transfer_context","GH-10","多元链式法则与 Jacobian","多元链式法则与 Jacobian","4","局部线性变形","practice","applied","transfer_context","迁移应用","gh-10-c04-504e58fd","适合需要收集近迁移应用证据时调用"
"gh-10-c04-504e58fd-challenge_experiment","GH-10","多元链式法则与 Jacobian","多元链式法则与 Jacobian","4","局部线性变形","experiment","visual","challenge_experiment","挑战实验","gh-10-c04-504e58fd","适合需要收集更高挑战度的操作、比较或边界情况证据时调用"
"gh-10-c04-504e58fd-spatial_or_2d_view","GH-10","多元链式法则与 Jacobian","多元链式法则与 Jacobian","4","局部线性变形","experiment","visual","spatial_or_2d_view","空间/二维视角","gh-10-c04-504e58fd","适合需要补充空间视角、二维兜底或可视化理解证据时调用"
"gh-10-c04-504e58fd-teach_back_card","GH-10","多元链式法则与 Jacobian","多元链式法则与 Jacobian","4","局部线性变形","practice","verbal","teach_back_card","讲给同伴听","gh-10-c04-504e58fd","适合需要收集口头化解释、同伴讲解或反例说明证据时调用"
"gh-11-c01-d54bb7ae-intuition_simulation","GH-11","Taylor 近似、Hessian 与驻点判断","Taylor 近似、Hessian 与驻点判断","1","一阶 Taylor 近似","experiment","manipulative","intuition_simulation","直觉操作实验","gh-11-c01-d54bb7ae","适合需要补充直觉操作证据、提升低交互参与或验证变量关系时调用"
"gh-11-c01-d54bb7ae-relationship_diagram","GH-11","Taylor 近似、Hessian 与驻点判断","Taylor 近似、Hessian 与驻点判断","1","一阶 Taylor 近似","lecture","relational","relationship_diagram","关系图谱","gh-11-c01-d54bb7ae","适合需要补充概念关系、表示转换或前后连接证据时调用"
"gh-11-c01-d54bb7ae-symbolic_bridge","GH-11","Taylor 近似、Hessian 与驻点判断","Taylor 近似、Hessian 与驻点判断","1","一阶 Taylor 近似","lecture","symbolic","symbolic_bridge","符号桥接","gh-11-c01-d54bb7ae","适合需要补充符号含义、公式语言或简答表达证据时调用"
"gh-11-c01-d54bb7ae-misconception_contrast","GH-11","Taylor 近似、Hessian 与驻点判断","Taylor 近似、Hessian 与驻点判断","1","一阶 Taylor 近似","game","relational","misconception_contrast","误解对比","gh-11-c01-d54bb7ae","适合需要暴露并对比典型误解、收集纠错解释证据时调用"
"gh-11-c01-d54bb7ae-error_repair_challenge","GH-11","Taylor 近似、Hessian 与驻点判断","Taylor 近似、Hessian 与驻点判断","1","一阶 Taylor 近似","game","applied","error_repair_challenge","纠错挑战","gh-11-c01-d54bb7ae","适合需要通过可重试挑战收集纠错过程证据时调用"
"gh-11-c01-d54bb7ae-micro_practice","GH-11","Taylor 近似、Hessian 与驻点判断","Taylor 近似、Hessian 与驻点判断","1","一阶 Taylor 近似","practice","assessment","micro_practice","微练习确认","gh-11-c01-d54bb7ae","适合需要快速确认掌握、继续学习前补充检查证据时调用"
"gh-11-c01-d54bb7ae-transfer_context","GH-11","Taylor 近似、Hessian 与驻点判断","Taylor 近似、Hessian 与驻点判断","1","一阶 Taylor 近似","practice","applied","transfer_context","迁移应用","gh-11-c01-d54bb7ae","适合需要收集近迁移应用证据时调用"
"gh-11-c01-d54bb7ae-challenge_experiment","GH-11","Taylor 近似、Hessian 与驻点判断","Taylor 近似、Hessian 与驻点判断","1","一阶 Taylor 近似","experiment","visual","challenge_experiment","挑战实验","gh-11-c01-d54bb7ae","适合需要收集更高挑战度的操作、比较或边界情况证据时调用"
"gh-11-c01-d54bb7ae-spatial_or_2d_view","GH-11","Taylor 近似、Hessian 与驻点判断","Taylor 近似、Hessian 与驻点判断","1","一阶 Taylor 近似","experiment","visual","spatial_or_2d_view","空间/二维视角","gh-11-c01-d54bb7ae","适合需要补充空间视角、二维兜底或可视化理解证据时调用"
"gh-11-c01-d54bb7ae-teach_back_card","GH-11","Taylor 近似、Hessian 与驻点判断","Taylor 近似、Hessian 与驻点判断","1","一阶 Taylor 近似","practice","verbal","teach_back_card","讲给同伴听","gh-11-c01-d54bb7ae","适合需要收集口头化解释、同伴讲解或反例说明证据时调用"
"gh-11-c02-27783e9b-intuition_simulation","GH-11","Taylor 近似、Hessian 与驻点判断","Taylor 近似、Hessian 与驻点判断","2","二阶 Taylor 近似","experiment","manipulative","intuition_simulation","直觉操作实验","gh-11-c02-27783e9b","适合需要补充直觉操作证据、提升低交互参与或验证变量关系时调用"
"gh-11-c02-27783e9b-relationship_diagram","GH-11","Taylor 近似、Hessian 与驻点判断","Taylor 近似、Hessian 与驻点判断","2","二阶 Taylor 近似","lecture","relational","relationship_diagram","关系图谱","gh-11-c02-27783e9b","适合需要补充概念关系、表示转换或前后连接证据时调用"
"gh-11-c02-27783e9b-symbolic_bridge","GH-11","Taylor 近似、Hessian 与驻点判断","Taylor 近似、Hessian 与驻点判断","2","二阶 Taylor 近似","lecture","symbolic","symbolic_bridge","符号桥接","gh-11-c02-27783e9b","适合需要补充符号含义、公式语言或简答表达证据时调用"
"gh-11-c02-27783e9b-misconception_contrast","GH-11","Taylor 近似、Hessian 与驻点判断","Taylor 近似、Hessian 与驻点判断","2","二阶 Taylor 近似","game","relational","misconception_contrast","误解对比","gh-11-c02-27783e9b","适合需要暴露并对比典型误解、收集纠错解释证据时调用"
"gh-11-c02-27783e9b-error_repair_challenge","GH-11","Taylor 近似、Hessian 与驻点判断","Taylor 近似、Hessian 与驻点判断","2","二阶 Taylor 近似","game","applied","error_repair_challenge","纠错挑战","gh-11-c02-27783e9b","适合需要通过可重试挑战收集纠错过程证据时调用"
"gh-11-c02-27783e9b-micro_practice","GH-11","Taylor 近似、Hessian 与驻点判断","Taylor 近似、Hessian 与驻点判断","2","二阶 Taylor 近似","practice","assessment","micro_practice","微练习确认","gh-11-c02-27783e9b","适合需要快速确认掌握、继续学习前补充检查证据时调用"
"gh-11-c02-27783e9b-transfer_context","GH-11","Taylor 近似、Hessian 与驻点判断","Taylor 近似、Hessian 与驻点判断","2","二阶 Taylor 近似","practice","applied","transfer_context","迁移应用","gh-11-c02-27783e9b","适合需要收集近迁移应用证据时调用"
"gh-11-c02-27783e9b-challenge_experiment","GH-11","Taylor 近似、Hessian 与驻点判断","Taylor 近似、Hessian 与驻点判断","2","二阶 Taylor 近似","experiment","visual","challenge_experiment","挑战实验","gh-11-c02-27783e9b","适合需要收集更高挑战度的操作、比较或边界情况证据时调用"
"gh-11-c02-27783e9b-spatial_or_2d_view","GH-11","Taylor 近似、Hessian 与驻点判断","Taylor 近似、Hessian 与驻点判断","2","二阶 Taylor 近似","experiment","visual","spatial_or_2d_view","空间/二维视角","gh-11-c02-27783e9b","适合需要补充空间视角、二维兜底或可视化理解证据时调用"
"gh-11-c02-27783e9b-teach_back_card","GH-11","Taylor 近似、Hessian 与驻点判断","Taylor 近似、Hessian 与驻点判断","2","二阶 Taylor 近似","practice","verbal","teach_back_card","讲给同伴听","gh-11-c02-27783e9b","适合需要收集口头化解释、同伴讲解或反例说明证据时调用"
"gh-11-c03-771889bc-intuition_simulation","GH-11","Taylor 近似、Hessian 与驻点判断","Taylor 近似、Hessian 与驻点判断","3","Hessian 矩阵","experiment","manipulative","intuition_simulation","直觉操作实验","gh-11-c03-771889bc","适合需要补充直觉操作证据、提升低交互参与或验证变量关系时调用"
"gh-11-c03-771889bc-relationship_diagram","GH-11","Taylor 近似、Hessian 与驻点判断","Taylor 近似、Hessian 与驻点判断","3","Hessian 矩阵","lecture","relational","relationship_diagram","关系图谱","gh-11-c03-771889bc","适合需要补充概念关系、表示转换或前后连接证据时调用"
"gh-11-c03-771889bc-symbolic_bridge","GH-11","Taylor 近似、Hessian 与驻点判断","Taylor 近似、Hessian 与驻点判断","3","Hessian 矩阵","lecture","symbolic","symbolic_bridge","符号桥接","gh-11-c03-771889bc","适合需要补充符号含义、公式语言或简答表达证据时调用"
"gh-11-c03-771889bc-misconception_contrast","GH-11","Taylor 近似、Hessian 与驻点判断","Taylor 近似、Hessian 与驻点判断","3","Hessian 矩阵","game","relational","misconception_contrast","误解对比","gh-11-c03-771889bc","适合需要暴露并对比典型误解、收集纠错解释证据时调用"
"gh-11-c03-771889bc-error_repair_challenge","GH-11","Taylor 近似、Hessian 与驻点判断","Taylor 近似、Hessian 与驻点判断","3","Hessian 矩阵","game","applied","error_repair_challenge","纠错挑战","gh-11-c03-771889bc","适合需要通过可重试挑战收集纠错过程证据时调用"
"gh-11-c03-771889bc-micro_practice","GH-11","Taylor 近似、Hessian 与驻点判断","Taylor 近似、Hessian 与驻点判断","3","Hessian 矩阵","practice","assessment","micro_practice","微练习确认","gh-11-c03-771889bc","适合需要快速确认掌握、继续学习前补充检查证据时调用"
"gh-11-c03-771889bc-transfer_context","GH-11","Taylor 近似、Hessian 与驻点判断","Taylor 近似、Hessian 与驻点判断","3","Hessian 矩阵","practice","applied","transfer_context","迁移应用","gh-11-c03-771889bc","适合需要收集近迁移应用证据时调用"
"gh-11-c03-771889bc-challenge_experiment","GH-11","Taylor 近似、Hessian 与驻点判断","Taylor 近似、Hessian 与驻点判断","3","Hessian 矩阵","experiment","visual","challenge_experiment","挑战实验","gh-11-c03-771889bc","适合需要收集更高挑战度的操作、比较或边界情况证据时调用"
"gh-11-c03-771889bc-spatial_or_2d_view","GH-11","Taylor 近似、Hessian 与驻点判断","Taylor 近似、Hessian 与驻点判断","3","Hessian 矩阵","experiment","visual","spatial_or_2d_view","空间/二维视角","gh-11-c03-771889bc","适合需要补充空间视角、二维兜底或可视化理解证据时调用"
"gh-11-c03-771889bc-teach_back_card","GH-11","Taylor 近似、Hessian 与驻点判断","Taylor 近似、Hessian 与驻点判断","3","Hessian 矩阵","practice","verbal","teach_back_card","讲给同伴听","gh-11-c03-771889bc","适合需要收集口头化解释、同伴讲解或反例说明证据时调用"
"gh-11-c04-6e4ab418-intuition_simulation","GH-11","Taylor 近似、Hessian 与驻点判断","Taylor 近似、Hessian 与驻点判断","4","驻点类型判断","experiment","manipulative","intuition_simulation","直觉操作实验","gh-11-c04-6e4ab418","适合需要补充直觉操作证据、提升低交互参与或验证变量关系时调用"
"gh-11-c04-6e4ab418-relationship_diagram","GH-11","Taylor 近似、Hessian 与驻点判断","Taylor 近似、Hessian 与驻点判断","4","驻点类型判断","lecture","relational","relationship_diagram","关系图谱","gh-11-c04-6e4ab418","适合需要补充概念关系、表示转换或前后连接证据时调用"
"gh-11-c04-6e4ab418-symbolic_bridge","GH-11","Taylor 近似、Hessian 与驻点判断","Taylor 近似、Hessian 与驻点判断","4","驻点类型判断","lecture","symbolic","symbolic_bridge","符号桥接","gh-11-c04-6e4ab418","适合需要补充符号含义、公式语言或简答表达证据时调用"
"gh-11-c04-6e4ab418-misconception_contrast","GH-11","Taylor 近似、Hessian 与驻点判断","Taylor 近似、Hessian 与驻点判断","4","驻点类型判断","game","relational","misconception_contrast","误解对比","gh-11-c04-6e4ab418","适合需要暴露并对比典型误解、收集纠错解释证据时调用"
"gh-11-c04-6e4ab418-error_repair_challenge","GH-11","Taylor 近似、Hessian 与驻点判断","Taylor 近似、Hessian 与驻点判断","4","驻点类型判断","game","applied","error_repair_challenge","纠错挑战","gh-11-c04-6e4ab418","适合需要通过可重试挑战收集纠错过程证据时调用"
"gh-11-c04-6e4ab418-micro_practice","GH-11","Taylor 近似、Hessian 与驻点判断","Taylor 近似、Hessian 与驻点判断","4","驻点类型判断","practice","assessment","micro_practice","微练习确认","gh-11-c04-6e4ab418","适合需要快速确认掌握、继续学习前补充检查证据时调用"
"gh-11-c04-6e4ab418-transfer_context","GH-11","Taylor 近似、Hessian 与驻点判断","Taylor 近似、Hessian 与驻点判断","4","驻点类型判断","practice","applied","transfer_context","迁移应用","gh-11-c04-6e4ab418","适合需要收集近迁移应用证据时调用"
"gh-11-c04-6e4ab418-challenge_experiment","GH-11","Taylor 近似、Hessian 与驻点判断","Taylor 近似、Hessian 与驻点判断","4","驻点类型判断","experiment","visual","challenge_experiment","挑战实验","gh-11-c04-6e4ab418","适合需要收集更高挑战度的操作、比较或边界情况证据时调用"
"gh-11-c04-6e4ab418-spatial_or_2d_view","GH-11","Taylor 近似、Hessian 与驻点判断","Taylor 近似、Hessian 与驻点判断","4","驻点类型判断","experiment","visual","spatial_or_2d_view","空间/二维视角","gh-11-c04-6e4ab418","适合需要补充空间视角、二维兜底或可视化理解证据时调用"
"gh-11-c04-6e4ab418-teach_back_card","GH-11","Taylor 近似、Hessian 与驻点判断","Taylor 近似、Hessian 与驻点判断","4","驻点类型判断","practice","verbal","teach_back_card","讲给同伴听","gh-11-c04-6e4ab418","适合需要收集口头化解释、同伴讲解或反例说明证据时调用"
"gh-12-c01-46f86273-intuition_simulation","GH-12","无约束优化与梯度下降","无约束优化与梯度下降","1","目标函数地形","experiment","manipulative","intuition_simulation","直觉操作实验","gh-12-c01-46f86273","适合需要补充直觉操作证据、提升低交互参与或验证变量关系时调用"
"gh-12-c01-46f86273-relationship_diagram","GH-12","无约束优化与梯度下降","无约束优化与梯度下降","1","目标函数地形","lecture","relational","relationship_diagram","关系图谱","gh-12-c01-46f86273","适合需要补充概念关系、表示转换或前后连接证据时调用"
"gh-12-c01-46f86273-symbolic_bridge","GH-12","无约束优化与梯度下降","无约束优化与梯度下降","1","目标函数地形","lecture","symbolic","symbolic_bridge","符号桥接","gh-12-c01-46f86273","适合需要补充符号含义、公式语言或简答表达证据时调用"
"gh-12-c01-46f86273-misconception_contrast","GH-12","无约束优化与梯度下降","无约束优化与梯度下降","1","目标函数地形","game","relational","misconception_contrast","误解对比","gh-12-c01-46f86273","适合需要暴露并对比典型误解、收集纠错解释证据时调用"
"gh-12-c01-46f86273-error_repair_challenge","GH-12","无约束优化与梯度下降","无约束优化与梯度下降","1","目标函数地形","game","applied","error_repair_challenge","纠错挑战","gh-12-c01-46f86273","适合需要通过可重试挑战收集纠错过程证据时调用"
"gh-12-c01-46f86273-micro_practice","GH-12","无约束优化与梯度下降","无约束优化与梯度下降","1","目标函数地形","practice","assessment","micro_practice","微练习确认","gh-12-c01-46f86273","适合需要快速确认掌握、继续学习前补充检查证据时调用"
"gh-12-c01-46f86273-transfer_context","GH-12","无约束优化与梯度下降","无约束优化与梯度下降","1","目标函数地形","practice","applied","transfer_context","迁移应用","gh-12-c01-46f86273","适合需要收集近迁移应用证据时调用"
"gh-12-c01-46f86273-challenge_experiment","GH-12","无约束优化与梯度下降","无约束优化与梯度下降","1","目标函数地形","experiment","visual","challenge_experiment","挑战实验","gh-12-c01-46f86273","适合需要收集更高挑战度的操作、比较或边界情况证据时调用"
"gh-12-c01-46f86273-spatial_or_2d_view","GH-12","无约束优化与梯度下降","无约束优化与梯度下降","1","目标函数地形","experiment","visual","spatial_or_2d_view","空间/二维视角","gh-12-c01-46f86273","适合需要补充空间视角、二维兜底或可视化理解证据时调用"
"gh-12-c01-46f86273-teach_back_card","GH-12","无约束优化与梯度下降","无约束优化与梯度下降","1","目标函数地形","practice","verbal","teach_back_card","讲给同伴听","gh-12-c01-46f86273","适合需要收集口头化解释、同伴讲解或反例说明证据时调用"
"gh-12-c02-a73c9dee-intuition_simulation","GH-12","无约束优化与梯度下降","无约束优化与梯度下降","2","负梯度方向","experiment","manipulative","intuition_simulation","直觉操作实验","gh-12-c02-a73c9dee","适合需要补充直觉操作证据、提升低交互参与或验证变量关系时调用"
"gh-12-c02-a73c9dee-relationship_diagram","GH-12","无约束优化与梯度下降","无约束优化与梯度下降","2","负梯度方向","lecture","relational","relationship_diagram","关系图谱","gh-12-c02-a73c9dee","适合需要补充概念关系、表示转换或前后连接证据时调用"
"gh-12-c02-a73c9dee-symbolic_bridge","GH-12","无约束优化与梯度下降","无约束优化与梯度下降","2","负梯度方向","lecture","symbolic","symbolic_bridge","符号桥接","gh-12-c02-a73c9dee","适合需要补充符号含义、公式语言或简答表达证据时调用"
"gh-12-c02-a73c9dee-misconception_contrast","GH-12","无约束优化与梯度下降","无约束优化与梯度下降","2","负梯度方向","game","relational","misconception_contrast","误解对比","gh-12-c02-a73c9dee","适合需要暴露并对比典型误解、收集纠错解释证据时调用"
"gh-12-c02-a73c9dee-error_repair_challenge","GH-12","无约束优化与梯度下降","无约束优化与梯度下降","2","负梯度方向","game","applied","error_repair_challenge","纠错挑战","gh-12-c02-a73c9dee","适合需要通过可重试挑战收集纠错过程证据时调用"
"gh-12-c02-a73c9dee-micro_practice","GH-12","无约束优化与梯度下降","无约束优化与梯度下降","2","负梯度方向","practice","assessment","micro_practice","微练习确认","gh-12-c02-a73c9dee","适合需要快速确认掌握、继续学习前补充检查证据时调用"
"gh-12-c02-a73c9dee-transfer_context","GH-12","无约束优化与梯度下降","无约束优化与梯度下降","2","负梯度方向","practice","applied","transfer_context","迁移应用","gh-12-c02-a73c9dee","适合需要收集近迁移应用证据时调用"
"gh-12-c02-a73c9dee-challenge_experiment","GH-12","无约束优化与梯度下降","无约束优化与梯度下降","2","负梯度方向","experiment","visual","challenge_experiment","挑战实验","gh-12-c02-a73c9dee","适合需要收集更高挑战度的操作、比较或边界情况证据时调用"
"gh-12-c02-a73c9dee-spatial_or_2d_view","GH-12","无约束优化与梯度下降","无约束优化与梯度下降","2","负梯度方向","experiment","visual","spatial_or_2d_view","空间/二维视角","gh-12-c02-a73c9dee","适合需要补充空间视角、二维兜底或可视化理解证据时调用"
"gh-12-c02-a73c9dee-teach_back_card","GH-12","无约束优化与梯度下降","无约束优化与梯度下降","2","负梯度方向","practice","verbal","teach_back_card","讲给同伴听","gh-12-c02-a73c9dee","适合需要收集口头化解释、同伴讲解或反例说明证据时调用"
"gh-12-c03-596d236b-intuition_simulation","GH-12","无约束优化与梯度下降","无约束优化与梯度下降","3","步长和收敛","experiment","manipulative","intuition_simulation","直觉操作实验","gh-12-c03-596d236b","适合需要补充直觉操作证据、提升低交互参与或验证变量关系时调用"
"gh-12-c03-596d236b-relationship_diagram","GH-12","无约束优化与梯度下降","无约束优化与梯度下降","3","步长和收敛","lecture","relational","relationship_diagram","关系图谱","gh-12-c03-596d236b","适合需要补充概念关系、表示转换或前后连接证据时调用"
"gh-12-c03-596d236b-symbolic_bridge","GH-12","无约束优化与梯度下降","无约束优化与梯度下降","3","步长和收敛","lecture","symbolic","symbolic_bridge","符号桥接","gh-12-c03-596d236b","适合需要补充符号含义、公式语言或简答表达证据时调用"
"gh-12-c03-596d236b-misconception_contrast","GH-12","无约束优化与梯度下降","无约束优化与梯度下降","3","步长和收敛","game","relational","misconception_contrast","误解对比","gh-12-c03-596d236b","适合需要暴露并对比典型误解、收集纠错解释证据时调用"
"gh-12-c03-596d236b-error_repair_challenge","GH-12","无约束优化与梯度下降","无约束优化与梯度下降","3","步长和收敛","game","applied","error_repair_challenge","纠错挑战","gh-12-c03-596d236b","适合需要通过可重试挑战收集纠错过程证据时调用"
"gh-12-c03-596d236b-micro_practice","GH-12","无约束优化与梯度下降","无约束优化与梯度下降","3","步长和收敛","practice","assessment","micro_practice","微练习确认","gh-12-c03-596d236b","适合需要快速确认掌握、继续学习前补充检查证据时调用"
"gh-12-c03-596d236b-transfer_context","GH-12","无约束优化与梯度下降","无约束优化与梯度下降","3","步长和收敛","practice","applied","transfer_context","迁移应用","gh-12-c03-596d236b","适合需要收集近迁移应用证据时调用"
"gh-12-c03-596d236b-challenge_experiment","GH-12","无约束优化与梯度下降","无约束优化与梯度下降","3","步长和收敛","experiment","visual","challenge_experiment","挑战实验","gh-12-c03-596d236b","适合需要收集更高挑战度的操作、比较或边界情况证据时调用"
"gh-12-c03-596d236b-spatial_or_2d_view","GH-12","无约束优化与梯度下降","无约束优化与梯度下降","3","步长和收敛","experiment","visual","spatial_or_2d_view","空间/二维视角","gh-12-c03-596d236b","适合需要补充空间视角、二维兜底或可视化理解证据时调用"
"gh-12-c03-596d236b-teach_back_card","GH-12","无约束优化与梯度下降","无约束优化与梯度下降","3","步长和收敛","practice","verbal","teach_back_card","讲给同伴听","gh-12-c03-596d236b","适合需要收集口头化解释、同伴讲解或反例说明证据时调用"
"gh-12-c04-a74cb59c-intuition_simulation","GH-12","无约束优化与梯度下降","无约束优化与梯度下降","4","迭代路径与停止信号","experiment","manipulative","intuition_simulation","直觉操作实验","gh-12-c04-a74cb59c","适合需要补充直觉操作证据、提升低交互参与或验证变量关系时调用"
"gh-12-c04-a74cb59c-relationship_diagram","GH-12","无约束优化与梯度下降","无约束优化与梯度下降","4","迭代路径与停止信号","lecture","relational","relationship_diagram","关系图谱","gh-12-c04-a74cb59c","适合需要补充概念关系、表示转换或前后连接证据时调用"
"gh-12-c04-a74cb59c-symbolic_bridge","GH-12","无约束优化与梯度下降","无约束优化与梯度下降","4","迭代路径与停止信号","lecture","symbolic","symbolic_bridge","符号桥接","gh-12-c04-a74cb59c","适合需要补充符号含义、公式语言或简答表达证据时调用"
"gh-12-c04-a74cb59c-misconception_contrast","GH-12","无约束优化与梯度下降","无约束优化与梯度下降","4","迭代路径与停止信号","game","relational","misconception_contrast","误解对比","gh-12-c04-a74cb59c","适合需要暴露并对比典型误解、收集纠错解释证据时调用"
"gh-12-c04-a74cb59c-error_repair_challenge","GH-12","无约束优化与梯度下降","无约束优化与梯度下降","4","迭代路径与停止信号","game","applied","error_repair_challenge","纠错挑战","gh-12-c04-a74cb59c","适合需要通过可重试挑战收集纠错过程证据时调用"
"gh-12-c04-a74cb59c-micro_practice","GH-12","无约束优化与梯度下降","无约束优化与梯度下降","4","迭代路径与停止信号","practice","assessment","micro_practice","微练习确认","gh-12-c04-a74cb59c","适合需要快速确认掌握、继续学习前补充检查证据时调用"
"gh-12-c04-a74cb59c-transfer_context","GH-12","无约束优化与梯度下降","无约束优化与梯度下降","4","迭代路径与停止信号","practice","applied","transfer_context","迁移应用","gh-12-c04-a74cb59c","适合需要收集近迁移应用证据时调用"
"gh-12-c04-a74cb59c-challenge_experiment","GH-12","无约束优化与梯度下降","无约束优化与梯度下降","4","迭代路径与停止信号","experiment","visual","challenge_experiment","挑战实验","gh-12-c04-a74cb59c","适合需要收集更高挑战度的操作、比较或边界情况证据时调用"
"gh-12-c04-a74cb59c-spatial_or_2d_view","GH-12","无约束优化与梯度下降","无约束优化与梯度下降","4","迭代路径与停止信号","experiment","visual","spatial_or_2d_view","空间/二维视角","gh-12-c04-a74cb59c","适合需要补充空间视角、二维兜底或可视化理解证据时调用"
"gh-12-c04-a74cb59c-teach_back_card","GH-12","无约束优化与梯度下降","无约束优化与梯度下降","4","迭代路径与停止信号","practice","verbal","teach_back_card","讲给同伴听","gh-12-c04-a74cb59c","适合需要收集口头化解释、同伴讲解或反例说明证据时调用"
"gh-13-c01-c920454b-intuition_simulation","GH-13","约束优化、拉格朗日与凸性","约束优化、拉格朗日与凸性","1","可行区域","experiment","manipulative","intuition_simulation","直觉操作实验","gh-13-c01-c920454b","适合需要补充直觉操作证据、提升低交互参与或验证变量关系时调用"
"gh-13-c01-c920454b-relationship_diagram","GH-13","约束优化、拉格朗日与凸性","约束优化、拉格朗日与凸性","1","可行区域","lecture","relational","relationship_diagram","关系图谱","gh-13-c01-c920454b","适合需要补充概念关系、表示转换或前后连接证据时调用"
"gh-13-c01-c920454b-symbolic_bridge","GH-13","约束优化、拉格朗日与凸性","约束优化、拉格朗日与凸性","1","可行区域","lecture","symbolic","symbolic_bridge","符号桥接","gh-13-c01-c920454b","适合需要补充符号含义、公式语言或简答表达证据时调用"
"gh-13-c01-c920454b-misconception_contrast","GH-13","约束优化、拉格朗日与凸性","约束优化、拉格朗日与凸性","1","可行区域","game","relational","misconception_contrast","误解对比","gh-13-c01-c920454b","适合需要暴露并对比典型误解、收集纠错解释证据时调用"
"gh-13-c01-c920454b-error_repair_challenge","GH-13","约束优化、拉格朗日与凸性","约束优化、拉格朗日与凸性","1","可行区域","game","applied","error_repair_challenge","纠错挑战","gh-13-c01-c920454b","适合需要通过可重试挑战收集纠错过程证据时调用"
"gh-13-c01-c920454b-micro_practice","GH-13","约束优化、拉格朗日与凸性","约束优化、拉格朗日与凸性","1","可行区域","practice","assessment","micro_practice","微练习确认","gh-13-c01-c920454b","适合需要快速确认掌握、继续学习前补充检查证据时调用"
"gh-13-c01-c920454b-transfer_context","GH-13","约束优化、拉格朗日与凸性","约束优化、拉格朗日与凸性","1","可行区域","practice","applied","transfer_context","迁移应用","gh-13-c01-c920454b","适合需要收集近迁移应用证据时调用"
"gh-13-c01-c920454b-challenge_experiment","GH-13","约束优化、拉格朗日与凸性","约束优化、拉格朗日与凸性","1","可行区域","experiment","visual","challenge_experiment","挑战实验","gh-13-c01-c920454b","适合需要收集更高挑战度的操作、比较或边界情况证据时调用"
"gh-13-c01-c920454b-spatial_or_2d_view","GH-13","约束优化、拉格朗日与凸性","约束优化、拉格朗日与凸性","1","可行区域","experiment","visual","spatial_or_2d_view","空间/二维视角","gh-13-c01-c920454b","适合需要补充空间视角、二维兜底或可视化理解证据时调用"
"gh-13-c01-c920454b-teach_back_card","GH-13","约束优化、拉格朗日与凸性","约束优化、拉格朗日与凸性","1","可行区域","practice","verbal","teach_back_card","讲给同伴听","gh-13-c01-c920454b","适合需要收集口头化解释、同伴讲解或反例说明证据时调用"
"gh-13-c02-0194a42e-intuition_simulation","GH-13","约束优化、拉格朗日与凸性","约束优化、拉格朗日与凸性","2","拉格朗日乘子直觉","experiment","manipulative","intuition_simulation","直觉操作实验","gh-13-c02-0194a42e","适合需要补充直觉操作证据、提升低交互参与或验证变量关系时调用"
"gh-13-c02-0194a42e-relationship_diagram","GH-13","约束优化、拉格朗日与凸性","约束优化、拉格朗日与凸性","2","拉格朗日乘子直觉","lecture","relational","relationship_diagram","关系图谱","gh-13-c02-0194a42e","适合需要补充概念关系、表示转换或前后连接证据时调用"
"gh-13-c02-0194a42e-symbolic_bridge","GH-13","约束优化、拉格朗日与凸性","约束优化、拉格朗日与凸性","2","拉格朗日乘子直觉","lecture","symbolic","symbolic_bridge","符号桥接","gh-13-c02-0194a42e","适合需要补充符号含义、公式语言或简答表达证据时调用"
"gh-13-c02-0194a42e-misconception_contrast","GH-13","约束优化、拉格朗日与凸性","约束优化、拉格朗日与凸性","2","拉格朗日乘子直觉","game","relational","misconception_contrast","误解对比","gh-13-c02-0194a42e","适合需要暴露并对比典型误解、收集纠错解释证据时调用"
"gh-13-c02-0194a42e-error_repair_challenge","GH-13","约束优化、拉格朗日与凸性","约束优化、拉格朗日与凸性","2","拉格朗日乘子直觉","game","applied","error_repair_challenge","纠错挑战","gh-13-c02-0194a42e","适合需要通过可重试挑战收集纠错过程证据时调用"
"gh-13-c02-0194a42e-micro_practice","GH-13","约束优化、拉格朗日与凸性","约束优化、拉格朗日与凸性","2","拉格朗日乘子直觉","practice","assessment","micro_practice","微练习确认","gh-13-c02-0194a42e","适合需要快速确认掌握、继续学习前补充检查证据时调用"
"gh-13-c02-0194a42e-transfer_context","GH-13","约束优化、拉格朗日与凸性","约束优化、拉格朗日与凸性","2","拉格朗日乘子直觉","practice","applied","transfer_context","迁移应用","gh-13-c02-0194a42e","适合需要收集近迁移应用证据时调用"
"gh-13-c02-0194a42e-challenge_experiment","GH-13","约束优化、拉格朗日与凸性","约束优化、拉格朗日与凸性","2","拉格朗日乘子直觉","experiment","visual","challenge_experiment","挑战实验","gh-13-c02-0194a42e","适合需要收集更高挑战度的操作、比较或边界情况证据时调用"
"gh-13-c02-0194a42e-spatial_or_2d_view","GH-13","约束优化、拉格朗日与凸性","约束优化、拉格朗日与凸性","2","拉格朗日乘子直觉","experiment","visual","spatial_or_2d_view","空间/二维视角","gh-13-c02-0194a42e","适合需要补充空间视角、二维兜底或可视化理解证据时调用"
"gh-13-c02-0194a42e-teach_back_card","GH-13","约束优化、拉格朗日与凸性","约束优化、拉格朗日与凸性","2","拉格朗日乘子直觉","practice","verbal","teach_back_card","讲给同伴听","gh-13-c02-0194a42e","适合需要收集口头化解释、同伴讲解或反例说明证据时调用"
"gh-13-c03-c8a4ae3a-intuition_simulation","GH-13","约束优化、拉格朗日与凸性","约束优化、拉格朗日与凸性","3","凸函数和凸集合","experiment","manipulative","intuition_simulation","直觉操作实验","gh-13-c03-c8a4ae3a","适合需要补充直觉操作证据、提升低交互参与或验证变量关系时调用"
"gh-13-c03-c8a4ae3a-relationship_diagram","GH-13","约束优化、拉格朗日与凸性","约束优化、拉格朗日与凸性","3","凸函数和凸集合","lecture","relational","relationship_diagram","关系图谱","gh-13-c03-c8a4ae3a","适合需要补充概念关系、表示转换或前后连接证据时调用"
"gh-13-c03-c8a4ae3a-symbolic_bridge","GH-13","约束优化、拉格朗日与凸性","约束优化、拉格朗日与凸性","3","凸函数和凸集合","lecture","symbolic","symbolic_bridge","符号桥接","gh-13-c03-c8a4ae3a","适合需要补充符号含义、公式语言或简答表达证据时调用"
"gh-13-c03-c8a4ae3a-misconception_contrast","GH-13","约束优化、拉格朗日与凸性","约束优化、拉格朗日与凸性","3","凸函数和凸集合","game","relational","misconception_contrast","误解对比","gh-13-c03-c8a4ae3a","适合需要暴露并对比典型误解、收集纠错解释证据时调用"
"gh-13-c03-c8a4ae3a-error_repair_challenge","GH-13","约束优化、拉格朗日与凸性","约束优化、拉格朗日与凸性","3","凸函数和凸集合","game","applied","error_repair_challenge","纠错挑战","gh-13-c03-c8a4ae3a","适合需要通过可重试挑战收集纠错过程证据时调用"
"gh-13-c03-c8a4ae3a-micro_practice","GH-13","约束优化、拉格朗日与凸性","约束优化、拉格朗日与凸性","3","凸函数和凸集合","practice","assessment","micro_practice","微练习确认","gh-13-c03-c8a4ae3a","适合需要快速确认掌握、继续学习前补充检查证据时调用"
"gh-13-c03-c8a4ae3a-transfer_context","GH-13","约束优化、拉格朗日与凸性","约束优化、拉格朗日与凸性","3","凸函数和凸集合","practice","applied","transfer_context","迁移应用","gh-13-c03-c8a4ae3a","适合需要收集近迁移应用证据时调用"
"gh-13-c03-c8a4ae3a-challenge_experiment","GH-13","约束优化、拉格朗日与凸性","约束优化、拉格朗日与凸性","3","凸函数和凸集合","experiment","visual","challenge_experiment","挑战实验","gh-13-c03-c8a4ae3a","适合需要收集更高挑战度的操作、比较或边界情况证据时调用"
"gh-13-c03-c8a4ae3a-spatial_or_2d_view","GH-13","约束优化、拉格朗日与凸性","约束优化、拉格朗日与凸性","3","凸函数和凸集合","experiment","visual","spatial_or_2d_view","空间/二维视角","gh-13-c03-c8a4ae3a","适合需要补充空间视角、二维兜底或可视化理解证据时调用"
"gh-13-c03-c8a4ae3a-teach_back_card","GH-13","约束优化、拉格朗日与凸性","约束优化、拉格朗日与凸性","3","凸函数和凸集合","practice","verbal","teach_back_card","讲给同伴听","gh-13-c03-c8a4ae3a","适合需要收集口头化解释、同伴讲解或反例说明证据时调用"
"gh-13-c04-8248846c-intuition_simulation","GH-13","约束优化、拉格朗日与凸性","约束优化、拉格朗日与凸性","4","线性/二次规划入口","experiment","manipulative","intuition_simulation","直觉操作实验","gh-13-c04-8248846c","适合需要补充直觉操作证据、提升低交互参与或验证变量关系时调用"
"gh-13-c04-8248846c-relationship_diagram","GH-13","约束优化、拉格朗日与凸性","约束优化、拉格朗日与凸性","4","线性/二次规划入口","lecture","relational","relationship_diagram","关系图谱","gh-13-c04-8248846c","适合需要补充概念关系、表示转换或前后连接证据时调用"
"gh-13-c04-8248846c-symbolic_bridge","GH-13","约束优化、拉格朗日与凸性","约束优化、拉格朗日与凸性","4","线性/二次规划入口","lecture","symbolic","symbolic_bridge","符号桥接","gh-13-c04-8248846c","适合需要补充符号含义、公式语言或简答表达证据时调用"
"gh-13-c04-8248846c-misconception_contrast","GH-13","约束优化、拉格朗日与凸性","约束优化、拉格朗日与凸性","4","线性/二次规划入口","game","relational","misconception_contrast","误解对比","gh-13-c04-8248846c","适合需要暴露并对比典型误解、收集纠错解释证据时调用"
"gh-13-c04-8248846c-error_repair_challenge","GH-13","约束优化、拉格朗日与凸性","约束优化、拉格朗日与凸性","4","线性/二次规划入口","game","applied","error_repair_challenge","纠错挑战","gh-13-c04-8248846c","适合需要通过可重试挑战收集纠错过程证据时调用"
"gh-13-c04-8248846c-micro_practice","GH-13","约束优化、拉格朗日与凸性","约束优化、拉格朗日与凸性","4","线性/二次规划入口","practice","assessment","micro_practice","微练习确认","gh-13-c04-8248846c","适合需要快速确认掌握、继续学习前补充检查证据时调用"
"gh-13-c04-8248846c-transfer_context","GH-13","约束优化、拉格朗日与凸性","约束优化、拉格朗日与凸性","4","线性/二次规划入口","practice","applied","transfer_context","迁移应用","gh-13-c04-8248846c","适合需要收集近迁移应用证据时调用"
"gh-13-c04-8248846c-challenge_experiment","GH-13","约束优化、拉格朗日与凸性","约束优化、拉格朗日与凸性","4","线性/二次规划入口","experiment","visual","challenge_experiment","挑战实验","gh-13-c04-8248846c","适合需要收集更高挑战度的操作、比较或边界情况证据时调用"
"gh-13-c04-8248846c-spatial_or_2d_view","GH-13","约束优化、拉格朗日与凸性","约束优化、拉格朗日与凸性","4","线性/二次规划入口","experiment","visual","spatial_or_2d_view","空间/二维视角","gh-13-c04-8248846c","适合需要补充空间视角、二维兜底或可视化理解证据时调用"
"gh-13-c04-8248846c-teach_back_card","GH-13","约束优化、拉格朗日与凸性","约束优化、拉格朗日与凸性","4","线性/二次规划入口","practice","verbal","teach_back_card","讲给同伴听","gh-13-c04-8248846c","适合需要收集口头化解释、同伴讲解或反例说明证据时调用"
"gh-14-c01-7a5b7f31-intuition_simulation","GH-14","机器学习与深度学习中的高数闭环","机器学习与深度学习中的高数闭环","1","损失函数和参数","experiment","manipulative","intuition_simulation","直觉操作实验","gh-14-c01-7a5b7f31","适合需要补充直觉操作证据、提升低交互参与或验证变量关系时调用"
"gh-14-c01-7a5b7f31-relationship_diagram","GH-14","机器学习与深度学习中的高数闭环","机器学习与深度学习中的高数闭环","1","损失函数和参数","lecture","relational","relationship_diagram","关系图谱","gh-14-c01-7a5b7f31","适合需要补充概念关系、表示转换或前后连接证据时调用"
"gh-14-c01-7a5b7f31-symbolic_bridge","GH-14","机器学习与深度学习中的高数闭环","机器学习与深度学习中的高数闭环","1","损失函数和参数","lecture","symbolic","symbolic_bridge","符号桥接","gh-14-c01-7a5b7f31","适合需要补充符号含义、公式语言或简答表达证据时调用"
"gh-14-c01-7a5b7f31-misconception_contrast","GH-14","机器学习与深度学习中的高数闭环","机器学习与深度学习中的高数闭环","1","损失函数和参数","game","relational","misconception_contrast","误解对比","gh-14-c01-7a5b7f31","适合需要暴露并对比典型误解、收集纠错解释证据时调用"
"gh-14-c01-7a5b7f31-error_repair_challenge","GH-14","机器学习与深度学习中的高数闭环","机器学习与深度学习中的高数闭环","1","损失函数和参数","game","applied","error_repair_challenge","纠错挑战","gh-14-c01-7a5b7f31","适合需要通过可重试挑战收集纠错过程证据时调用"
"gh-14-c01-7a5b7f31-micro_practice","GH-14","机器学习与深度学习中的高数闭环","机器学习与深度学习中的高数闭环","1","损失函数和参数","practice","assessment","micro_practice","微练习确认","gh-14-c01-7a5b7f31","适合需要快速确认掌握、继续学习前补充检查证据时调用"
"gh-14-c01-7a5b7f31-transfer_context","GH-14","机器学习与深度学习中的高数闭环","机器学习与深度学习中的高数闭环","1","损失函数和参数","practice","applied","transfer_context","迁移应用","gh-14-c01-7a5b7f31","适合需要收集近迁移应用证据时调用"
"gh-14-c01-7a5b7f31-challenge_experiment","GH-14","机器学习与深度学习中的高数闭环","机器学习与深度学习中的高数闭环","1","损失函数和参数","experiment","visual","challenge_experiment","挑战实验","gh-14-c01-7a5b7f31","适合需要收集更高挑战度的操作、比较或边界情况证据时调用"
"gh-14-c01-7a5b7f31-spatial_or_2d_view","GH-14","机器学习与深度学习中的高数闭环","机器学习与深度学习中的高数闭环","1","损失函数和参数","experiment","visual","spatial_or_2d_view","空间/二维视角","gh-14-c01-7a5b7f31","适合需要补充空间视角、二维兜底或可视化理解证据时调用"
"gh-14-c01-7a5b7f31-teach_back_card","GH-14","机器学习与深度学习中的高数闭环","机器学习与深度学习中的高数闭环","1","损失函数和参数","practice","verbal","teach_back_card","讲给同伴听","gh-14-c01-7a5b7f31","适合需要收集口头化解释、同伴讲解或反例说明证据时调用"
"gh-14-c02-fb73e369-intuition_simulation","GH-14","机器学习与深度学习中的高数闭环","机器学习与深度学习中的高数闭环","2","最小二乘梯度","experiment","manipulative","intuition_simulation","直觉操作实验","gh-14-c02-fb73e369","适合需要补充直觉操作证据、提升低交互参与或验证变量关系时调用"
"gh-14-c02-fb73e369-relationship_diagram","GH-14","机器学习与深度学习中的高数闭环","机器学习与深度学习中的高数闭环","2","最小二乘梯度","lecture","relational","relationship_diagram","关系图谱","gh-14-c02-fb73e369","适合需要补充概念关系、表示转换或前后连接证据时调用"
"gh-14-c02-fb73e369-symbolic_bridge","GH-14","机器学习与深度学习中的高数闭环","机器学习与深度学习中的高数闭环","2","最小二乘梯度","lecture","symbolic","symbolic_bridge","符号桥接","gh-14-c02-fb73e369","适合需要补充符号含义、公式语言或简答表达证据时调用"
"gh-14-c02-fb73e369-misconception_contrast","GH-14","机器学习与深度学习中的高数闭环","机器学习与深度学习中的高数闭环","2","最小二乘梯度","game","relational","misconception_contrast","误解对比","gh-14-c02-fb73e369","适合需要暴露并对比典型误解、收集纠错解释证据时调用"
"gh-14-c02-fb73e369-error_repair_challenge","GH-14","机器学习与深度学习中的高数闭环","机器学习与深度学习中的高数闭环","2","最小二乘梯度","game","applied","error_repair_challenge","纠错挑战","gh-14-c02-fb73e369","适合需要通过可重试挑战收集纠错过程证据时调用"
"gh-14-c02-fb73e369-micro_practice","GH-14","机器学习与深度学习中的高数闭环","机器学习与深度学习中的高数闭环","2","最小二乘梯度","practice","assessment","micro_practice","微练习确认","gh-14-c02-fb73e369","适合需要快速确认掌握、继续学习前补充检查证据时调用"
"gh-14-c02-fb73e369-transfer_context","GH-14","机器学习与深度学习中的高数闭环","机器学习与深度学习中的高数闭环","2","最小二乘梯度","practice","applied","transfer_context","迁移应用","gh-14-c02-fb73e369","适合需要收集近迁移应用证据时调用"
"gh-14-c02-fb73e369-challenge_experiment","GH-14","机器学习与深度学习中的高数闭环","机器学习与深度学习中的高数闭环","2","最小二乘梯度","experiment","visual","challenge_experiment","挑战实验","gh-14-c02-fb73e369","适合需要收集更高挑战度的操作、比较或边界情况证据时调用"
"gh-14-c02-fb73e369-spatial_or_2d_view","GH-14","机器学习与深度学习中的高数闭环","机器学习与深度学习中的高数闭环","2","最小二乘梯度","experiment","visual","spatial_or_2d_view","空间/二维视角","gh-14-c02-fb73e369","适合需要补充空间视角、二维兜底或可视化理解证据时调用"
"gh-14-c02-fb73e369-teach_back_card","GH-14","机器学习与深度学习中的高数闭环","机器学习与深度学习中的高数闭环","2","最小二乘梯度","practice","verbal","teach_back_card","讲给同伴听","gh-14-c02-fb73e369","适合需要收集口头化解释、同伴讲解或反例说明证据时调用"
"gh-14-c03-4e065e06-intuition_simulation","GH-14","机器学习与深度学习中的高数闭环","机器学习与深度学习中的高数闭环","3","计算图与自动微分","experiment","manipulative","intuition_simulation","直觉操作实验","gh-14-c03-4e065e06","适合需要补充直觉操作证据、提升低交互参与或验证变量关系时调用"
"gh-14-c03-4e065e06-relationship_diagram","GH-14","机器学习与深度学习中的高数闭环","机器学习与深度学习中的高数闭环","3","计算图与自动微分","lecture","relational","relationship_diagram","关系图谱","gh-14-c03-4e065e06","适合需要补充概念关系、表示转换或前后连接证据时调用"
"gh-14-c03-4e065e06-symbolic_bridge","GH-14","机器学习与深度学习中的高数闭环","机器学习与深度学习中的高数闭环","3","计算图与自动微分","lecture","symbolic","symbolic_bridge","符号桥接","gh-14-c03-4e065e06","适合需要补充符号含义、公式语言或简答表达证据时调用"
"gh-14-c03-4e065e06-misconception_contrast","GH-14","机器学习与深度学习中的高数闭环","机器学习与深度学习中的高数闭环","3","计算图与自动微分","game","relational","misconception_contrast","误解对比","gh-14-c03-4e065e06","适合需要暴露并对比典型误解、收集纠错解释证据时调用"
"gh-14-c03-4e065e06-error_repair_challenge","GH-14","机器学习与深度学习中的高数闭环","机器学习与深度学习中的高数闭环","3","计算图与自动微分","game","applied","error_repair_challenge","纠错挑战","gh-14-c03-4e065e06","适合需要通过可重试挑战收集纠错过程证据时调用"
"gh-14-c03-4e065e06-micro_practice","GH-14","机器学习与深度学习中的高数闭环","机器学习与深度学习中的高数闭环","3","计算图与自动微分","practice","assessment","micro_practice","微练习确认","gh-14-c03-4e065e06","适合需要快速确认掌握、继续学习前补充检查证据时调用"
"gh-14-c03-4e065e06-transfer_context","GH-14","机器学习与深度学习中的高数闭环","机器学习与深度学习中的高数闭环","3","计算图与自动微分","practice","applied","transfer_context","迁移应用","gh-14-c03-4e065e06","适合需要收集近迁移应用证据时调用"
"gh-14-c03-4e065e06-challenge_experiment","GH-14","机器学习与深度学习中的高数闭环","机器学习与深度学习中的高数闭环","3","计算图与自动微分","experiment","visual","challenge_experiment","挑战实验","gh-14-c03-4e065e06","适合需要收集更高挑战度的操作、比较或边界情况证据时调用"
"gh-14-c03-4e065e06-spatial_or_2d_view","GH-14","机器学习与深度学习中的高数闭环","机器学习与深度学习中的高数闭环","3","计算图与自动微分","experiment","visual","spatial_or_2d_view","空间/二维视角","gh-14-c03-4e065e06","适合需要补充空间视角、二维兜底或可视化理解证据时调用"
"gh-14-c03-4e065e06-teach_back_card","GH-14","机器学习与深度学习中的高数闭环","机器学习与深度学习中的高数闭环","3","计算图与自动微分","practice","verbal","teach_back_card","讲给同伴听","gh-14-c03-4e065e06","适合需要收集口头化解释、同伴讲解或反例说明证据时调用"
"gh-14-c04-b167e550-intuition_simulation","GH-14","机器学习与深度学习中的高数闭环","机器学习与深度学习中的高数闭环","4","小批量梯度下降","experiment","manipulative","intuition_simulation","直觉操作实验","gh-14-c04-b167e550","适合需要补充直觉操作证据、提升低交互参与或验证变量关系时调用"
"gh-14-c04-b167e550-relationship_diagram","GH-14","机器学习与深度学习中的高数闭环","机器学习与深度学习中的高数闭环","4","小批量梯度下降","lecture","relational","relationship_diagram","关系图谱","gh-14-c04-b167e550","适合需要补充概念关系、表示转换或前后连接证据时调用"
"gh-14-c04-b167e550-symbolic_bridge","GH-14","机器学习与深度学习中的高数闭环","机器学习与深度学习中的高数闭环","4","小批量梯度下降","lecture","symbolic","symbolic_bridge","符号桥接","gh-14-c04-b167e550","适合需要补充符号含义、公式语言或简答表达证据时调用"
"gh-14-c04-b167e550-misconception_contrast","GH-14","机器学习与深度学习中的高数闭环","机器学习与深度学习中的高数闭环","4","小批量梯度下降","game","relational","misconception_contrast","误解对比","gh-14-c04-b167e550","适合需要暴露并对比典型误解、收集纠错解释证据时调用"
"gh-14-c04-b167e550-error_repair_challenge","GH-14","机器学习与深度学习中的高数闭环","机器学习与深度学习中的高数闭环","4","小批量梯度下降","game","applied","error_repair_challenge","纠错挑战","gh-14-c04-b167e550","适合需要通过可重试挑战收集纠错过程证据时调用"
"gh-14-c04-b167e550-micro_practice","GH-14","机器学习与深度学习中的高数闭环","机器学习与深度学习中的高数闭环","4","小批量梯度下降","practice","assessment","micro_practice","微练习确认","gh-14-c04-b167e550","适合需要快速确认掌握、继续学习前补充检查证据时调用"
"gh-14-c04-b167e550-transfer_context","GH-14","机器学习与深度学习中的高数闭环","机器学习与深度学习中的高数闭环","4","小批量梯度下降","practice","applied","transfer_context","迁移应用","gh-14-c04-b167e550","适合需要收集近迁移应用证据时调用"
"gh-14-c04-b167e550-challenge_experiment","GH-14","机器学习与深度学习中的高数闭环","机器学习与深度学习中的高数闭环","4","小批量梯度下降","experiment","visual","challenge_experiment","挑战实验","gh-14-c04-b167e550","适合需要收集更高挑战度的操作、比较或边界情况证据时调用"
"gh-14-c04-b167e550-spatial_or_2d_view","GH-14","机器学习与深度学习中的高数闭环","机器学习与深度学习中的高数闭环","4","小批量梯度下降","experiment","visual","spatial_or_2d_view","空间/二维视角","gh-14-c04-b167e550","适合需要补充空间视角、二维兜底或可视化理解证据时调用"
"gh-14-c04-b167e550-teach_back_card","GH-14","机器学习与深度学习中的高数闭环","机器学习与深度学习中的高数闭环","4","小批量梯度下降","practice","verbal","teach_back_card","讲给同伴听","gh-14-c04-b167e550","适合需要收集口头化解释、同伴讲解或反例说明证据时调用"
"gh-14-c05-087f1fb9-intuition_simulation","GH-14","机器学习与深度学习中的高数闭环","机器学习与深度学习中的高数闭环","5","完整学习路线回看","experiment","manipulative","intuition_simulation","直觉操作实验","gh-14-c05-087f1fb9","适合需要补充直觉操作证据、提升低交互参与或验证变量关系时调用"
"gh-14-c05-087f1fb9-relationship_diagram","GH-14","机器学习与深度学习中的高数闭环","机器学习与深度学习中的高数闭环","5","完整学习路线回看","lecture","relational","relationship_diagram","关系图谱","gh-14-c05-087f1fb9","适合需要补充概念关系、表示转换或前后连接证据时调用"
"gh-14-c05-087f1fb9-symbolic_bridge","GH-14","机器学习与深度学习中的高数闭环","机器学习与深度学习中的高数闭环","5","完整学习路线回看","lecture","symbolic","symbolic_bridge","符号桥接","gh-14-c05-087f1fb9","适合需要补充符号含义、公式语言或简答表达证据时调用"
"gh-14-c05-087f1fb9-misconception_contrast","GH-14","机器学习与深度学习中的高数闭环","机器学习与深度学习中的高数闭环","5","完整学习路线回看","game","relational","misconception_contrast","误解对比","gh-14-c05-087f1fb9","适合需要暴露并对比典型误解、收集纠错解释证据时调用"
"gh-14-c05-087f1fb9-error_repair_challenge","GH-14","机器学习与深度学习中的高数闭环","机器学习与深度学习中的高数闭环","5","完整学习路线回看","game","applied","error_repair_challenge","纠错挑战","gh-14-c05-087f1fb9","适合需要通过可重试挑战收集纠错过程证据时调用"
"gh-14-c05-087f1fb9-micro_practice","GH-14","机器学习与深度学习中的高数闭环","机器学习与深度学习中的高数闭环","5","完整学习路线回看","practice","assessment","micro_practice","微练习确认","gh-14-c05-087f1fb9","适合需要快速确认掌握、继续学习前补充检查证据时调用"
"gh-14-c05-087f1fb9-transfer_context","GH-14","机器学习与深度学习中的高数闭环","机器学习与深度学习中的高数闭环","5","完整学习路线回看","practice","applied","transfer_context","迁移应用","gh-14-c05-087f1fb9","适合需要收集近迁移应用证据时调用"
"gh-14-c05-087f1fb9-challenge_experiment","GH-14","机器学习与深度学习中的高数闭环","机器学习与深度学习中的高数闭环","5","完整学习路线回看","experiment","visual","challenge_experiment","挑战实验","gh-14-c05-087f1fb9","适合需要收集更高挑战度的操作、比较或边界情况证据时调用"
"gh-14-c05-087f1fb9-spatial_or_2d_view","GH-14","机器学习与深度学习中的高数闭环","机器学习与深度学习中的高数闭环","5","完整学习路线回看","experiment","visual","spatial_or_2d_view","空间/二维视角","gh-14-c05-087f1fb9","适合需要补充空间视角、二维兜底或可视化理解证据时调用"
"gh-14-c05-087f1fb9-teach_back_card","GH-14","机器学习与深度学习中的高数闭环","机器学习与深度学习中的高数闭环","5","完整学习路线回看","practice","verbal","teach_back_card","讲给同伴听","gh-14-c05-087f1fb9","适合需要收集口头化解释、同伴讲解或反例说明证据时调用"
